company,ceo,phone,address,website,logo
골든브릿지자산운용,이창민,02-360-9500,서울특별시 강서구 개화동로29길 29 영원오피스텔 202호(방화동 612-277)  (07620),http://www.gbam.co.kr,/upload/logo/A01056.gif
골든스톤자산운용,신동한,070-4149-7529,"서울특별시 영등포구 여의대로24, 43층 FKI타워 (07320)",http://www.goldenstone.co.kr,/upload/logo/1e8761fba739f672-2b58d34519da94f9307-7f1d-20260616140421.png
교보악사자산운용,조휘성/프레데릭벨만,02-767-9600,서울시 종로구 종로1 교보생명빌딩 15층 (110-714) 교보생명빌딩 15층 (03154),http://www.kyoboaxa-im.co.kr,/upload/logo/A01015.gif
교보에이아이엠자산운용,이상열,02-3430-5555,서울시 영등포구 국제금융로2길 32 여의도파이낸스타워 20층 (07325),http://kyobo-aim.com/,/upload/logo/1e8761fba739f6729b64901880d750dfb-7f5a-20230516142715.png
구도자산운용,박정훈,02-780-0460,서울시 영등포구 국제금융로 20 10층 (여의도동 율촌빌딩)  (07327),http://gudoim.com,/upload/logo/e4d388e657fcc4ea-406522317195d5e3a4-7fee-20200428200659.bmp
국제자산운용,김영진,02-6930-5673,"서울시 강남구 논현로828, 6층  (06025)",http://www.kukje-amc.com/,/upload/logo/20170622035659103.jpg
그래디언트자산운용,정재필,02-6367-2021,"서울특별시 영등포구 국제금융로 10, TWO IFC 17층 1730호  (07326)",http://www.gradiantfund.com,/upload/logo/noimage.jpg
그레이스자산운용,오승호,02-785-9422,"서울시 영등포구 국제금융로2길 32, 19층  (07325)",http://graceam.co.kr/,/upload/logo/e4d388e657fcc4ea60ccfb03187fa912f3a-7fde-20230512102116.png
그로쓰힐자산운용,김태홍,02-3215-7400,"서울 영등포구 의사당대로 83, 7층(여의도동, 오투타워)  (07325)",http://www.growthhill.com,/upload/logo/20160223094105912.gif
그린하버자산운용,윤석현,02-6952-7280,"서울시 영등포구 국제금융로 10, Three IFC 46층  (07326)",http://www.sprott-investment.com,/upload/logo/1e8761fba739f6727d8e60c218e989cecef-7fc0-20240416102612.png
글로벌원자산운용,오희열,02-3451-9100,서울시 영등포구 국회대로 70길 18 4층  (07237),http://www.g1am.co.kr,/upload/logo/1e8761fba739f672-30343154168fe008eae-7fe7.JPG
나눔자산운용,권인배,02-557-9031,서울시 강남구 역삼로 122 하나빌딩 5층 (06252),,/upload/logo/e4d388e657fcc4ea-2c47e9be1683155ab2a-7f97.JPG
나이스자산운용,조형인,02-784-0099,서울시 영등포구 국제금융로 6길 33. 12층 16호(맨하탄빌딩)  (07331),http://www.niceam.co.kr,/upload/logo/noimage.jpg
나틱시스자산운용,정태환/김미령,02-6021-7600,서울시 종로구 종로1 교보생명빌딩 14층  (03154),,/upload/logo/noimage.jpg
누림자산운용,강석재,02-783-7254,서울시 영등포구 여의나루로 77-1 503호 월드비전빌딩  (07327),http://www.nuriminvest.com,/upload/logo/e4d388e657fcc4ea60ccfb03187fa912f3a-7fe4-20230512101434.png
누버거버먼자산운용,김대연,02-6040-0100,서울시 중구 세종대로 136 서울파이낸스센터 12층  (04520),http://www.nb.com,/upload/logo/20200819024759670.png
다올자산운용,이창희,02-788-8400,서울시 영등포구 여의나루로60 (여의도동35-1) 포스트타워 28층  (07328),http://www.daolfund.com,/upload/logo/e4d388e657fcc4ea5a5aac821892dafabf9-7ff0-20230711160434.png
다원자산운용,박성진,02-3775-9700,"서울 영등포구 국제금융로 8길 25, 3층 301호 (여의도동)  (07332)",http://www.dawonfn.com,/upload/logo/20201021012542793.gif
다인자산운용,송윤택/최일구,02-6959-8268,서울시 영등포구 여의나루로 67 (여의도동 신송빌딩) 802호  (07327),http://dyneasset.co.kr/,/upload/logo/e4d388e657fcc4ea-51e8db6e183c5ed284c-7f4f-20221031164209.png
대덕자산운용,김영만,02-782-8894,"서울시 영등포구 국제금융로70, 1001호(여의도동 미원빌딩)  (03777)",http://www.ddasset.co.kr,/upload/logo/20170213101029029.jpg
대신자산운용,진승욱,02-769-3200,서울시 중구 삼일대로 343 19층(대신파이낸스센터) 대신파이낸스센터 (04538),http://www.ditm.co.kr,/upload/logo/A01011.jpg
더글로벌자산운용,"장석희, 고덕재",02-6951-0117,"서울시 강남구 선릉로91길 18, 9층 (역삼동, 동현빌딩)  (06150)",http://www.tgam.co.kr,/upload/logo/20170824044751293.jpg
더블유더블유지자산운용,"박제용, 송주형",02-928-2255,서울시 성북구 보문로29길 17 백제빌딩 801호  (02871),http://www.wwg.kr,/upload/logo/e4d388e657fcc4ea60ccfb03187fa912f3a-7fe2-20230512101517.png
더블유자산운용,김우기/노현복,02-782-6901,서울 영등포구 국제금융로 10 Three IFC 42층  (07326),http://www.w-asset.com,/upload/logo/20161108100323064.jpg
더제이자산운용,이재현/최광욱,02-785-7444,"서울시 영등포구 국제금융로 8길 6, 11층 신영증권 별관빌딩 (07330)",http://www.thejasset.com,/upload/logo/e4d388e657fcc4ea7397e78a184e4bfdba2-7ff4-20221213103445.jpg
더크리에이티브자산운용,이혁구,02-559-6500,"서울시 강남구 테헤란로152, 강남파이낸스센터 33층  (06236)",http://www.thecreativeam.com,/upload/logo/e4d388e657fcc4ea5eba1ade19bafa838a4-7fcd-20260202085802.jpg
두나미스자산운용,김대욱,070-4912-0068,"서울시 강남구 테헤란로43길 8, 코데코타워 8층  (06151)",http://www.dunamiscap.com,/upload/logo/e4d388e657fcc4ea60ccfb03187fa912f3a-7fd5-20230512103020.png
디더블유에스자산운용,변현수,02-724-7400,"서울시 종로구 청계천로 41, 영풍빌딩 19층 (110-752)",http://funds.deutscheawm.com/kr/Home,/upload/logo/e4d388e657fcc4ea60ccfb03187fa912f3a-7fd3-20230512103303.png
디블록자산운용,신혜수,02-2222-5100,"서울시 강남구 도산대로 518, 4층(청담동, 더모자익 빌딩)  (06070)",http://www.dblocasset.com,/upload/logo/e4d388e657fcc4ea60ccfb03187fa912f3a-7fd0-20230512103608.png
디비자산운용,"정경수,박용명",02-787-3700,서울시 영등포구 여의대로 24 (여의도동) 전경련회관 41층 (07320),http://www.db-asset.co.kr,/upload/logo/1e8761fba739f6724a99c2a71860bfcdc45-7fea-20230207100856.jpg
디스커버리자산운용,장하원,02-3789-6400,"서울시 영등포구 국제금융로8길19, 611호 (중앙빌딩)  (04513)",,/upload/logo/20180212072924685.jpg
디에스자산운용,김성훈,02-6296-7000,"서울시 영등포구 국제금융로10, ONE IFC 14층  (07325)",http://www.dsasset.com,/upload/logo/20170124060452165.jpg
디에이치지자산운용,"박상원, 박근오",02-6053-0665,"서울특별시 영등포구 국제금융로 10, 28층(One IFC)  (07326)",http://www.dhgamc.com/,/upload/logo/noimage.jpg
디파인자산운용,최영근,02-541-6020,"서울시 강남구 선릉로157길 12, 5층(신사동)  (06018)",http://WWW.defineib.com,/upload/logo/e4d388e657fcc4ea60ccfb03187fa912f3a-7fcc-20230512104650.png
라살자산운용,김형섭,02-6370-6137,"서울시 종로구 종로1길 50, A동 9층 (중학동, 케이트윈타워)  ()",http://www.lasalle.com,/upload/logo/e4d388e657fcc4ea-51e8db6e183c5ed284c-7f98-20221018155510.png
라이노스자산운용,이병준/하상백,02-6710-7272,"서울시 영등포구 여의공원로 101 709A호(여의도동, CCMM빌딩) CCMM빌딩 ()",http://www.rhinos.kr,/upload/logo/20160622113508092.jpg
라이언자산운용,진종언/김윤회,02-786-8833,서울시 영등포구 국제금융로2길 32 11층 (여의도파이낸스타워)  (07325),http://www.lionam.co.kr/,/upload/logo/e4d388e657fcc4ea-2c47e9be1683155ab2a-7f93.JPG
라이프자산운용,남두우/강대권,02-6105-6720,서울시 영등포구 국제금융로 10 TWO IFC 14층 1480호  (07326),http://https://investlife.com/,/upload/logo/1e8761fba739f672-67683667179e3c72cf8-7fd9-20210611161052.jpg
라쿤자산운용,홍진채,02-2088-1445,서울시 영등포구 여의나루로 53-1 대오빌딩 10층 1005호  (07327),http://www.raccoonasset.com,/upload/logo/e4d388e657fcc4ea60ccfb03187fa912f3a-7fca-20230512110112.png
람다자산운용,지원진,02-323-0102,"서울시 영등포구 국제금융로6길 11, 12층 (삼덕빌딩)  (07330)",http://www.lambdaim.com,/upload/logo/20180212072957381.jpg
레이크자산운용,손형락,02-581-2512,"서울 서초구 서초중앙로 117, 10층 (J&J타워)  (06644)",http://www.lakeam.co.kr,/upload/logo/noimage.jpg
로만자산운용,김수환,02-6275-2331,"서울시 영등포구 국제금융로 10, 9층 908호(여의도동, Two IFC)  (07326)",http://www.roman-asset.com,/upload/logo/20160622113611115.png
로버스트자산운용,김태혁,02-787-0700,서울시 영등포구 국제금융로 8길 25 주택건설회관 3층  (07332),http://www.robust.co.kr,/upload/logo/20160627013711422.png
리딩자산운용,이동율,02-6268-6788,"서울시 영등포구 여의대로 108, 44F (파크원, Tower2)  (07332)",http://www.leadingamc.com/,/upload/logo/e4d388e657fcc4ea5f7f7ca11830c4ef6f1-7fc0-20220921141753.png
리운자산운용,김병국,02-786-7867,"서울시 영등포구 은행로 3, 605호(여의도동, 익스콘벤쳐타워) 익스콘벤쳐타워 (07237)",http://www.leewoon.com,/upload/logo/20160223094345913.gif
리치먼드자산운용,길진용,02-6276-3000,"서울시 중구 을지로148, 5층 (을지로3가, 중앙데코플라자)  (04549)",http://www.richmondam.com,/upload/logo/A01046.jpg
리코자산운용,이상범,02-561-0078,서울시 강남구 언주로 709 송암빌딩 9층 (06053),http://www.ricoasset.com/,/upload/logo/20170213101149348.jpg
리판자산운용,전경돈,02-6747-5480,서울시 영등포구 국회대로70길 19 8층(대하빌딩)  (07238),http://www.repanamc.com,/upload/logo/1e8761fba739f6725a3ceab018c66bf20e9-7ff5-20231218133619.png
릴라이언자산운용,정회영,02-782-5807,"서울시 영등포구 의사당대로1길 25, 5층 504  (07333)",http://www.relian.co.kr/,/upload/logo/20210218012416920.png
릿지자산운용,김진민,02-6956-1701,"서울특별시 영등포구 국제금융로 6길 11, 12층 (여의도동, 삼덕빌딩)  (07330)",http://ridgeasset.com,/upload/logo/1e8761fba739f672-2b58d34519da94f9307-7f1b-20260616140825.png
마르스자산운용,이예호,02-6191-0041,"서울시 강남구 테헤란로 22길 15, 4층(역삼동, 건축문화사옥) 건축문화사옥 (06236)",http://www.marsamc.co.kr,/upload/logo/e4d388e657fcc4ea-51e8db6e183c5ed284c-7fd4-20221018151054.png
마스터자산운용,김동연,02-761-4050,"서울시 영등포구 국제금융로2길 37, 32층 3201호(여의도동, S-TRENUE)  (07327)",http://www.masteramk.com,/upload/logo/noimage.jpg
마스턴투자운용,박형석,02-3452-2077,"서울시 서초구 강남대로 465, 에이동 20층,21층(서초동, 교보생명보험(주) 서초사옥)  (06611)",http://www.mastern.co.kr,/upload/logo/e4d388e657fcc4ea4d8575691853d3df0f5-7fd5-20230106102931.jpg
마이다스에셋자산운용,"신진호, 신정희",02-3787-3500,서울시 종로구 경희궁길 20  (03175),http://www.midasasset.com,/upload/logo/A01050.gif
마인드자산운용,최동,02-6951-2397,"서울특별시 강남구 테헤란로8길 40, 4층(역삼동, 알티넷빌딩)  (06240)",http://www.mindam.co.kr/,/upload/logo/1e8761fba739f6729b64901880d750dfb-7ff9-20230512113057.png
마제스티자산운용,윤남호,02-782-9810,"서울시 영등포구 국제금융로 20, 2층(여의도동, 율촌빌딩)  (07327)",http://www.majestyasset.co.kr,/upload/logo/1e8761fba739f672-4c12d4161847a0ac102-7fc9-20221201161815.JPG
마크자산운용,"이달호, 임동균",02-6265-2075,서울시 영등포구 여의대로 24 전경련회관 40층  (07320),http://markasset.co.kr/home/,/upload/logo/1e8761fba739f67219928b6c181cb91a430-7ff4-20220707145812.png
맥쿼리자산운용,서범식/김용환,02-3705-8500,"서울시 종로구 우정국로26, A동, 18층 (센트로폴리스)  (03161)",http://www.mkif.co.kr,/upload/logo/20151117043311125.gif
머스트자산운용,김두용,02-578-5080,"서울시 강남구 언주로 30길 39, 3층(도곡동, 린스퀘어)  (06292)",http://www.mustinvestment.com,/upload/logo/1e8761fba739f6729b64901880d750dfb-7ff8-20230512114002.png
메리츠대체투자운용,신준현,02-6336-2900,"서울특별시 영등포구 국제금융로 10 Three IFC, 17층  (07326)",http://www.meritzaim.co.kr/,/upload/logo/1e8761fba739f6721d61e96e171953b7084-7fd1-20200508165107.JPG
메자닌플러스자산운용,박호진,02-539-6512,"서울시 강남구 봉은사로 297, 8층(KJ타워)  (06109)",http://www.mezzplusasset.com/,/upload/logo/e4d388e657fcc4ea-51e8db6e183c5ed284c-7f89-20221018155839.jpg
멜론자산운용,박종희,02-784-1760,"서울특별시 영등포구 국제금융로 10, 2아이에프씨 24층 2450호(여의도동, 서울 국제금융 센터)  (07326)",http://www.melonasset.co.kr,/upload/logo/e4d388e657fcc4ea-7d43b4e5169b760daa7-7f49.png
모루자산운용,동일권,02-6713-6330,"서울특별시 용산구 대사관로31길 25-10, 4층(한남동)  (04401)",http://www.moruasset.com,/upload/logo/20180212073036309.jpg
모비딕자산운용,진일정,02-6956-9831,"서울특별시 서초구 강남대로331, 15층 1502호  (06627)",http://dkam.co.kr/,/upload/logo/noimage.jpg
모트자산운용,신민재,02-6713-5811,"서울시 영등포구 국제금융로 70, 1801호(여의도동, 미원빌딩)  (07333)",http://pumeam.com/,/upload/logo/e4d388e657fcc4ea-1a6f84619fd9618f91-7fc0-20260828103627.jpg
미래에셋자산운용,"최창훈, 이준용",02-1577-1640,"서울시 종로구 종로 33(청진동, 그랑서울) Tower1  (03159)",http://investments.miraeasset.com,/upload/logo/A01048.gif
바로자산운용,정희종,02-3467-1650,"서울시 강남구 테헤란로 512, 4층(대치동, 신안빌딩)  (06179)",http://www.baroam.com,/upload/logo/e4d388e657fcc4ea6b59fb2516f879facd9-7fe4-20200115175115.jpg
바스티언자산운용,"최재영, 김기용",02-761-4510,"서울시 영등포구 여의대로 24 (여의도동, 28-1) 전경련회관 40층  (07320)",http://www.bastionamc.co.kr/,/upload/logo/e4d388e657fcc4ea2d79419618bf0aa6c6e-7fcb-20231218101242.jpeg
밸류시스템자산운용,양기정,02-6925-1814,서울특별시 강남구 영동대로 114길 35  (06081),http://www.valuesystem.co.kr,/upload/logo/noimage.jpg
베네투스자산운용,서태원,02-6929-0127,"서울시 영등포구 국제금융로8길 19, 716호(중앙빌딩)  (07333)",http://www.hastings.co.kr,/upload/logo/20170824045855349.jpg
베스타스자산운용,한진수,02-6016-2000,"서울시 종로구 종로3길 17, D1동 9층 (청진동, 디타워)  (03155)",http://www.vestasinvest.com,/upload/logo/A01096.gif
베어링자산운용,박종학,02-3788-0500,"서울시 중구 을지로 29, 7층  (04523)",http://www.barings.com/ko-kr/individual,/upload/logo/20160917053117811.JPG
벤코어인베스트먼츠자산운용,TENG LIN MAO,02-561-1572,"서울특별시 중구 세종대로 14, 그랜드센트럴 24층  (04527)",http://www.fairfield.co.kr,/upload/logo/noimage.jpg
벨에포크자산운용,이현수,02-548-2340,"서울시 강남구 도산대로 317, 4층 (신사동, 호림아트센터)  (06179)",,/upload/logo/1e8761fba739f6729b64901880d750dfb-7f58-20230516143854.png
보고펀드자산운용,이재우,02-3788-0770,서울시 영등포구 국제금융로 10 Three IFC 51층  (07326),http://www.vogo-fund.com/,/upload/logo/e4d388e657fcc4ea60ccfb03187fa912f3a-7fc7-20230512121653.png
브라이트자산운용,최우식,02-761-7615,"서울시 영등포구 국제금융로 10, Three IFC 44층  (07326)",http://brightinvest.co.kr/,/upload/logo/e4d388e657fcc4ea60ccfb03187fa912f3a-7fc6-20230512121805.png
브라이튼자산운용,박점희,02-780-2380,"서울시 강남구 영동대로520, 2층 (아이파크타워)  (06170)",http://https://www.brighten-am.com/hm/brightenam.aspx,/upload/logo/e4d388e657fcc4ea60ccfb03187fa912f3a-7fc5-20230512121949.png
브레인자산운용,김태준,02-6277-5000,"서울시 영등포구 국제금융로8길 2, 6층  (07325)",http://www.brainib.com,/upload/logo/A01114.gif
브룩필드자산운용코리아,박준우,02-6744-3100,"서울시 영등포구 국제금융로10, 27층 (One IFC)  (07326)",http://https://brookfieldsouthkorea.kr/,/upload/logo/1e8761fba739f6729b64901880d750dfb-7ff7-20230512122252.png
브이아이자산운용,이동근,02-727-2700,서울시 영등포구 국제금융로 10 서울국제금융센터 Three IFC 16층  (07326),http://www.hi-am.com,/upload/logo/20210316051733266.png
브이아이피자산운용,최준철/김민국,02-6202-8150,"서울시 서초구 사평대로 343, 4층, 5층  (06543)",http://www.vipasset.co.kr,/upload/logo/e4d388e657fcc4ea-62dfd13b16518b31dab-7fe9.JPG
브이앤에스자산운용,이남호,02-518-5379,서울시 강남구 압구정로60길 11 K빌딩 4층  (06015),http://www.vnsinvestment.com,/upload/logo/20160421094009716.jpg
브이자산운용,고재원,02-3703-9800,"서울특별시 강남구 테헤란로 447, 6층(삼성동, KB우준타워) KB우준타워 (06158)",http://www.feynmanasset.com,/upload/logo/e4d388e657fcc4ea54b40e18178d7fbe99a-7fd9-20210427162610.JPG
블랙록자산운용,이윤표,02-751-0500,"서울시 종로구 종로33 그랑서울 타워1, 20층   (03159)",http://www.blackrock.co.kr,/upload/logo/e4d388e657fcc4ea1e61a66118e73599e19-7fc6-20240404134725.png
블랙보드자산운용,박 선 규,02-542-2920,"서울특별시 강남구 도산대로 171, 401호  (06037)",http://www.blackboardasset.com,/upload/logo/noimage.jpg
블루코브자산운용,김승범,02-6744-0800,"울시 종로구 경희궁길 27, 4층 (블루코브스퀘어)  (03176)",http://www.bluecoveinvestment.com,/upload/logo/1e8761fba739f6729b64901880d750dfb-7ff5-20230512123348.png
블리츠자산운용,김태규/최예열,02-761-7350,"서울시 영등포구 국제금융로10, 1070호 (Two IFC)  (07326)",http://www.blitz-asset.com,/upload/logo/20250402090350497.png
비엔비자산운용,김광현,02-476-4840,"서울시 영등포구 국제금융로 10, 24층(Two IFC)  (07326)",http://www.bnbasset.com,/upload/logo/20260708100237417.png
비엔케이자산운용,성경식,02-6910-1100,"서울시 영등포구 국제금융로2길 32, 21층  (07325)",http://www.bnkasset.co.kr,/upload/logo/20160212031315015.gif
비욘드자산운용,박상용,02-783-7300,"서울시 강남구 강남대로388, 14층 (강남센타빌딩)  (06232)",http://www.urichasset.com,/upload/logo/e4d388e657fcc4ea6b59fb2516f879facd9-7fa9-20200203101154.jpg
비전자산운용,김준년,02-557-2987,"서울시 영등포구 국제금융로10, 20층(여의도동, Two IFC)  (07330)",http://www.visionasset.co.kr,/upload/logo/1e8761fba739f672-5c4449d2183eefdc52c-7ff0-20221021151252.png
비케이피엘자산운용,박재민,02-6959-0795,서울시 강남구 학동로 523 루나빌딩 3층(청담동)  (06072),http://balbeckpl.com/,/upload/logo/1e8761fba739f6729b64901880d750dfb-7ff2-20230512124645.png
비피자산운용,배관식,010-9410-7970,"서울특별시 영등포구 국제금융로20, 3층 A07호(율촌빌딩)  ()",http://bpamc.co.kr,/upload/logo/noimage.jpg
빌리언폴드자산운용,김대현/안형진,02-6272-8756,"서울시 영등포구 여의대로 24, 23층(전경련회관)  (07320)",http://billionfold.com,/upload/logo/1e8761fba739f672-5c4449d2183eefdc52c-7feb-20221021151907.JPG
사람사점영자산운용,이준혁,02-6952-6813,"서울특별시 서초구 강남대로 349, 15층(서초동, 우남빌딩)  (06626)",http://www.saram4.com/,/upload/logo/noimage.jpg
사우스피크자산운용,정승훈,02-784-7620,"서울특별시 강남구 테헤란로 211, 16층(역삼동, 케이에프에이에스빌딩)  (07326)",,/upload/logo/1e8761fba739f672-2366035019ede121a49-7f8a-20260703095932.png
산은인프라자산운용,장병돈,02-6333-3500,"서울시 영등포구 여의대로 24, 37층 전국경제인연합회회관 37층 (37320)",http://www.kinfra.co.kr,/upload/logo/A01064.jpg
삼성액티브자산운용,하지원,02-3774-7775,서울시 서초구 서초대로 74길 11 삼성전자빌딩 7층  (06620),http://www.samsungactive.co.kr,/upload/logo/20170213101351851.jpg
삼성에스알에이자산운용,김정근,02-310-2500,서울시 서초구 서초대로74길 4 삼성생명 서초타워 16층  (06620),http://www.samsungsra.com,/upload/logo/1e8761fba739f6727d8e60c218e989cecef-7fc3-20240416101917.png
삼성자산운용,김우석,02-3774-7600,서울시 서초구 서초대로 74길 11 삼성전자빌딩 16층  (06620),http://www.samsungfund.com,/upload/logo/A01005.gif
삼성헤지자산운용,김용광,02-3774-7513,서울시 서초구 서초대로 74길 11 삼성전자빌딩 7층  (06620),http://www.samsunghedge.com,/upload/logo/20170213101510768.jpg
삼천리자산운용,박충선,02-786-8376,서울시 영등포구 국제금융로 6길 42 (여의도동) 삼천리빌딩 2층  (07328),http://www.sig-fund.com,/upload/logo/A01081.gif
서울에셋매니지먼트,"김재규, 윤현종",02-6949-2910,"서울시 영등포구 국제금융로10, Two IFC 9층  (07326)",http://seoulassetmgmt.com,/upload/logo/1e8761fba739f672-50acda9c186ba53019d-7ff7-20230307161655.png
서울투자자산운용,안정민,02-761-9230,서울시 영등포구 국제금융로2길 37 704호 에스트레뉴 (07327),http://seoulinv.co.kr,/upload/logo/1e8761fba739f672-2b58d34519da94f9307-7ffb-20260421091708.png
서진자산운용,조재형,02-3452-8999,서울시 강남구 영동대로 75길9 수암빌딩 5층  (06182),http://www.tmasset.co.kr,/upload/logo/noimage.jpg
선스피어자산운용,김석창,02-783-7760,"서울 영등포구 국회대로 74길9, 901호(여의도동,삼보빌딩)  (07238)",http://WWW.SUNSPEARASSET.COM,/upload/logo/noimage.jpg
센터피스자산운용,"김영진, 심창일",02-6956-0731,"서울특별시 영등포구 국제금융로 20, 3층 A03(여의도동, 율촌빌딩)  (07327)",http://www.cp-amc.com,/upload/logo/noimage.jpg
셀레니언자산운용,윤익로,02-725-3313,"서울시 영등포구 국제금융로20, 13층(율촌빌딩)  (07327)",http://www.celenian.com,/upload/logo/e4d388e657fcc4ea3abd4681825d5061bf-7ff3-20220812163638.png
솔리드런자산운용,김찬일,02-738-1585,"서울특별시 종로구 청계천로41, 12층(서린동, 영풍빌딩)  (03188)",http://www.solidrun.co.kr,/upload/logo/1e8761fba739f672-65d5f2a188b3c58505-7fc4-20230623124014.png
수성자산운용,박세연,02-554-1860,"서울시 영등포구 국제금융로10, Three IFC 34층  (07326)",http://www.susungasset.co.kr,/upload/logo/20170622080831286.jpg
수협자산운용,김현욱,02-799-7800,"서울시 영등포구 국제금융로8길 11, 13층(여의도동, 대영빌딩)  (07333)",http://www.suhyup-asset.com/,/upload/logo/e4d388e657fcc4ea58d0c4a619ad75c7c2e-7fd8-20251210170911.jpg
슈로더자산운용,정유선,02-6390-5000,"서울특별시 종로구 청계천로 41 (서린동), 영풍빌딩 3층  (03188)",http://www.schroders.com,/upload/logo/e4d388e657fcc4ea4684179f1876daaf26e-7fd0-20230417143946.png
스마일게이트자산운용,이찬열,02-2192-5400,"서울시 강남구 테헤란로 217, 오렌지플래닛빌딩 14층  (06142)",http://www.smilegateam.com,/upload/logo/20180212073200368.jpg
스카이워크자산운용,황이석,02-761-0981,"서울시 영등포구 국제금융로 10, ONE IFC 28F  (07326)",,/upload/logo/1e8761fba739f672-7ffdcc0c16b3135395d-7f08.JPG
스퀘어자산운용,허운석,02-2069-0726,"서울시 강남구 테헤란로20길 16, 8층 금정빌딩 (06235)",http://www.fingerfn.co.kr,/upload/logo/noimage.jpg
스타로드자산운용,이혜원,02-319-1996,서울시 중구 세종대로 136 서울파이낸스센터 9층  (04520),http://starlordamc.com/,/upload/logo/20210219011823319.png
스탠버그자산운용,구균,02-780-5771,"서울특별시 서초구 강남대로95길 12, 2층 (잠원동, 에버빌딩)  (07327)",http://www.tbw-investment.com,/upload/logo/1e8761fba739f672-65d5f2a188b3c58505-7fc2-20230623124114.png
스틱얼터너티브자산운용,신도철,02-6267-9810,"서울시 영등포구 국제금융로10, 30층 (여의도동, 쓰리아이에프씨)  (07326)",http://www.stic-alternative.com,/upload/logo/1e8761fba739f6729b64901880d750dfb-7fef-20230512133040.jpg
스팍스자산운용,김병학,02-570-1600,"서울시 종로구 새문안로 82, 에스타워 2층  (03185)",http://www.sparxkorea.com,/upload/logo/20190717061452845.png
슬기자산운용,전효준,02-782-8776,서울시 영등포구 국제금융로2길 37 에스트레뉴 1402호  (07327),http://www.wisdomasset.co.kr,/upload/logo/1e8761fba739f6729b64901880d750dfb-7fee-20230512133208.png
시몬느자산운용,차순연,02-2159-6000,서울시 영등포구 국제금융로2길 24 9층 (07325),http://www.simonefg.co.kr,/upload/logo/20140407020919254.gif
신라자산운용,최문호,02-3446-7031,"서울시 금천구 가산디지털1로181, 306호 (가산w센터)  (08503)",http://https://hdeinvest.com/,/upload/logo/e4d388e657fcc4ea-106430c8186fc55f3f4-7fe7-20230322105920.png
신영자산운용,엄준흠,02-6711-7500,서울시 영등포구 국제금융로8길6  (150-884),http://www.syfund.co.kr,/upload/logo/A01017.gif
신한자산운용,조재민,02-767-5777,"서울시 영등포구 의사당대로 96, 23~26층 (TP Tower)  (07321)",http://www.shbnppam.com,/upload/logo/e4d388e657fcc4ea-51e8db6e183c5ed284c-7fbf-20221018153021.jpg
써밋자산운용,하경모,02-2039-0363,"서울시 영등포구 의사당대로 8, 태흥빌딩 5층 505호  (07236)",http://summitam.co.kr,/upload/logo/e4d388e657fcc4ea60ccfb03187fa912f3a-7fc4-20230512141725.png
씨비알이인베스트먼트매니지먼트자산운용,김은정,02-398-1555,서울시 종로구 종로47 SC제일은행 본점빌딩 19층  (03160),http://www.cbreim.com,/upload/logo/e4d388e657fcc4ea-10e84bb617ba06957c9-7fc2-20211007180457.jpg
씨스퀘어자산운용,최종혁,02-2138-1450,"서울시 영등포구 여의나루로57, 8층(여의도동, 신송센터빌딩)  (07327)",http://www.csquaredasset.com,/upload/logo/e4d388e657fcc4ea60ccfb03187fa912f3a-7fc3-20230512141911.png
씨앗자산운용,박현준,02-566-2170,서울특별시 강남구 강남대로 110길 50  (06128),http://www.ssiaat.com,/upload/logo/20180212073257228.jpg
씨에이씨파트너스자산운용,이동열,02-539-3906,서울시 강남구 봉은사로 543 6층(삼성동 두에빌딩)  (06087),,/upload/logo/1e8761fba739f672646f90161874b13020d-7fdd-20230407153952.png
씨엘자산운용,권광석,02-542-7165,"서울특별시 강남구 압구정로42길 25-12, 3~5층(신사동)  (06017)",http://www.cielinv.com,/upload/logo/1e8761fba739f6721895fa5819fd9a04582-7fe9-20260813131853.jpg
아너스자산운용,목진오,02-780-8990,"서울시 영등포구 국제금융로2길 32, 13층(여의도동, 여의도파이낸스타워)  (07325)",http://www.honorsasset.com,/upload/logo/e4d388e657fcc4ea-51e8db6e183c5ed284c-7f5c-20221028134656.png
아람자산운용,최완석,02-6339-2055,"서울시 영등포구 여의대방로 67길 22, 802호(여의도동, 태양빌딩)  (07333)",http://www.aramfund.co.kr,/upload/logo/20160421094120991.jpg
아르고스자산운용,정유채,031-8023-9094,"경기도 성남시 수정구 위례서일로 12, 1동 409호, 410호(창곡동, 우남 이타워 프라자)  (13647)",http://argosasset.co.kr,/upload/logo/e4d388e657fcc4ea4d8575691853d3df0f5-7fcc-20230109162526.png
아름자산운용,오상훈,02-780-1840,"울특별시 영등포구 여의공원로 111, 9층(여의도동, 여의도 태영빌딩)  (07241)",http://arumasset.com,/upload/logo/e4d388e657fcc4ea60ccfb03187fa912f3a-7fc1-20230512143105.png
아샘자산운용,주영근,02-761-6150,"서울시 영등포구 여의나루로 53-1, 804호 (여의도동, 대오빌딩)  (07327)",http://www.asam4u.com,/upload/logo/e4d388e657fcc4ea60ccfb03187fa912f3a-7fbf-20230512143126.png
아스트라자산운용,김태호,02-783-1460,") 서울특별시 강남구 봉은사로 215, 4층(논현동, KTS빌딩)  (06109)",http://www.astraasset.co.kr,/upload/logo/20180417082413719.jpg
아우름자산운용,윤상우,02-6925-6383,"서울시 강남구 영동대로 422, 7층 (대치동, 일원빌딩) 일원빌딩 (06174)",http://www.aurum-asset.com/,/upload/logo/20160511033541658.jpg
아이리스자산운용,김맹환,02-2138-7431,"서울시 영등포구 여의공원로 115, 7층(여의도동, 세우빌딩)  (07241)",http://www.irisamc.com,/upload/logo/20180212073330482.jpg
아이비케이자산운용,임찬희,02-727-8800,서울시 영등포구 은행로30 (여의도동) 중소기업중앙회 신관 11층 (07242),http://www.ibkasset.com,/upload/logo/A01042.gif
아이앤제이자산운용,김근중,02-501-3350,"서울시 영등포구 국제금융로 20, 율촌빌딩 4층  (07327)",http://www.injib.com,/upload/logo/1e8761fba739f6729b64901880d750dfb-7fea-20230512144152.png
아이엠에셋자산운용,사공경렬,02-707-4200,"서울시 영등포구 의사당대로 97. 14층(여의도동, 교보증권빌딩) 교보증권빌딩 14층 (07327)",http://www.hi-asset.com,/upload/logo/e4d388e657fcc4ea5e82b7a3197871e8799-7fef-20250625100205.jpg
아이엠엠자산운용,김현정,02-2672-6288,서울 강남구 테헤란로 152 강남파이낸스 센터 5층  (06236),http://am.imm.co.kr,/upload/logo/noimage.jpg
아이트러스트자산운용,김철배,02-782-5820,"서울시 영등포구 의사당대로1길 25, 5층 507호  (07333)",http://www.itrustamc.com/,/upload/logo/1e8761fba739f6729b64901880d750dfb-7fe9-20230512144430.png
아이파트너스자산운용,차인환,02-2135-8496,서울시 강남구 봉은사로82길 12(삼성동)  (06163),http://www.ipartnersam.co.kr,/upload/logo/e4d388e657fcc4ea-62dfd13b16518b31dab-7fe6.JPG
아이피엠자산운용,강주래,02-6671-0501,"서울시 중구 세종대로136, 7층 (태평로1가 서울파이낸스센터)  (04520)",http://www.ipmamc.com,/upload/logo/1e8761fba739f6729b64901880d750dfb-7fe8-20230512144625.png
아진자산운용,김정훈,02-6246-0200,"서울특별시 영등포구 여의공원로 101, 704비호  (07241)",http://https://www.akrosinvest.com/,/upload/logo/noimage.jpg
아크임팩트자산운용,한성근,02-6332-7400,"서울특별시 영등포구 여의대로 24, 17층(여의도동)  (07320)",http://www.arkimpact.co.kr,/upload/logo/20180212073419827.jpg
아트만자산운용,이성희,02-2135-3680,"서울시 영등포구 국제금융로2길 32, 여의도파이낸스타워 19층  (07325)",http://www.atmanfund.com/index.php,/upload/logo/20201021012312058.png
안다에이치자산운용,오홍근,02-780-4470,"서울시 영등포구 국제금융로 20, 6층(여의도동, 율촌빌딩)  (07327)",http://www.ahasset.co.kr,/upload/logo/e4d388e657fcc4ea-51e8db6e183c5ed284c-7fb8-20221018154026.JPG
안다자산운용,박의현/다니엘페레즈,02-2156-2800,"서울시 강남구 도산대로 318, SB타워 9층  (06054)",http://www.andaasset.com,/upload/logo/e4d388e657fcc4ea-51e8db6e183c5ed284c-7fa4-20221018155036.png
알더인베스트먼트,이은호(YI UN HO),02-6012-2100,서울시 중구 을지로 5길 26 미래에셋센터원빌딩 동관 12층 일부)  (07326),http://WWW.ALDER-INVEST.COM,/upload/logo/e4d388e657fcc4ea-7c682008195c729b08a-7fb7-20250414131528.png
알세온코리아자산운용,김민준,02-6953-1200,서울특별시 용산구 독서당로 122-1 포트힐빌딩 5층  (04420),http://www.alceonkorea.com,/upload/logo/noimage.jpg
알지자산운용,박용수,02-6670-1800,서울시 영등포구 국제금융로 10 Two IFC 16층 1607호  (07326),http://www.rgasset.co.kr,/upload/logo/20160427055254678.png
알파자산운용,최준혁,02-769-7600,"서울시 영등포구 국제금융로 8길 31, 8층 (여의도동, SK증권빌딩)  (07332)",http://www.alphasset.com,/upload/logo/e4d388e657fcc4ea-5f5d00b616ec3f3d643-7fff-20191202162027.png
알파플러스자산운용,"김정식,최효종",02-6954-0858,"서울시 강남구 영동대로 511, 23층 2301호  (06193)",http://www.alphap.co.kr/,/upload/logo/1e8761fba739f67251f881d5189bf042986-7ff8-20230810091844.png
알펜루트자산운용,"최보근, 이규",02-786-5240,"서울시 서초구 효령로 263, 펨코II빌딩 펨코II빌딩 (06653)",http://alpenroute.com,/upload/logo/20161108100434640.jpg
앤도버자산운용,"최경배, 김재상",02-554-6890,"서울시 영등포구 국제금융로 20, 3층 율촌빌딩 (07327)",http://www.andoveram.com,/upload/logo/1e8761fba739f672-2b58d34519da94f9307-7f17-20260616141544.png
앱솔루트자산운용,송맹근/성건웅/성철현,02-785-3343,"서울특별시 영등포구 여의나루로 81,한마루빌딩 901호  (07327)",http://www.absolutein.com,/upload/logo/20160622114324387.jpg
얼라이언스번스틴자산운용,이창현,02-3707-3400,"서울시 중구 세종대로 136, 서울파이낸스센터 14층 (04520)",http://www.alliancebernstein.co.kr,/upload/logo/20190521100023102.png
얼라인파트너스자산운용,이창환,02-6956-8303,"서울특별시 영등포구 국제금융로 10, 13층 1380호(여의도동, One IFC)  (07326)",http://www.alignpartnerscap.com,/upload/logo/e4d388e657fcc4ea-51e8db6e183c5ed284c-7ff4-20221018145403.png
에너지인프라자산운용,이철성,02-3775-9500,"서울시 영등포구 국제금융로56, 16층(여의도동, 미래에셋대우빌딩)  (07330)",http://energyinfra.miraeasset.com/,/upload/logo/1e8761fba739f6729b64901880d750dfb-7fe4-20230512164447.png
에셋플러스자산운용,양인찬,02-501-7707,경기도 성남시 분당구 판교역로 192번길 14 리치투게더센터 (13524),http://www.assetplus.co.kr,/upload/logo/A01067.gif
에스에이치자산운용,이형석,02-557-8980,서울시 강남구 강남대로 310 805호(역삼동 유니온센터오피스텔)  (06253),http://www.shasset.co.kr,/upload/logo/1e8761fba739f6729b64901880d750dfb-7fe3-20230512164557.png
에스티엔에이치자산운용,강성구,02-780-7010,"서울시 강남구 언주로 534, 8층  (06147)",http://www.stnhamc.co.kr,/upload/logo/e4d388e657fcc4ea-51e8db6e183c5ed284c-7fc7-20221018151905.jpg
에스피자산운용,김종성,02-3780-8900,"서울특별시 영등포구 여의나루로 57, 1901-1호(여의도동, 신송센타빌딩)  (07327)",http://www.simonepartners.com,/upload/logo/20170824045232393.jpg
에이디에프자산운용,김창현,02-3783-0580,"서울시 중구 세종대로 136, 10층(태평로1가, 서울파이낸스센터 10층)  (04520)",http://www.adfamc.com,/upload/logo/e4d388e657fcc4ea60ccfb03187fa912f3a-7fbe-20230512165716.png
에이아이파트너스자산운용,신승헌/정선환,02-783-2100,"서울시 영등포구 여의나루로53-1, 15층 (대오빌딩)  (07327)",http://www.aip-asset.com,/upload/logo/e4d388e657fcc4ea-6fa67f8f1722b8d6dab-7f73-20200618181849.PNG
에이아이피자산운용,문경석,02-6137-9755,"서울시 영등포구 여의대로 108, 파크원타워1 27층  (07335)",http://www.aipasset.com,/upload/logo/1e8761fba739f672-39b0f7716410614e29-7fd8.jpg
에이알에이코리아자산운용,강동헌,02-6956-1739,"서울시 영등포구 국제금융로 10, Two IFC 23층  (07326)",http://www.ara-group.com,/upload/logo/1e8761fba739f672-39b0f7716410614e29-7fd9.jpg
에이에프더블유자산운용,박지환,02-6952-4697,"서울시 영등포구 여의대방로67길 22, 507호(태양빌딩)  (07333)",http://www.afwam.com,/upload/logo/e4d388e657fcc4ea60ccfb03187fa912f3a-7fbc-20230515093226.png
에이원자산운용,선형렬,02-6732-7000,"서울시 영등포구 여의나루로 60, 포스트타워 7층  (07328)",http://www.aoneasset.co.kr,/upload/logo/20180417082432605.jpg
에이치디씨자산운용,전우진,02-3215-3000,서울시 영등포구 국제금융로8길 11 대영빌딩 2층 (07333),http://www.hdcasset.com,/upload/logo/A01034.jpg
에이치알자산운용,채승배,02-592-2414,서울시 서초구 서초대로 397 부띠크모나코 B동 503호  (06616),http://www.hrasset.co.kr,/upload/logo/e4d388e657fcc4ea60ccfb03187fa912f3a-7fb4-20230515093447.png
에이치에이치알자산운용,박상정,02-785-8096,"서울시 중구 세종대로 136 (태평로 1가, 서울파이낸스센터 26층)  (07327)",http://www.hhramc.com,/upload/logo/e4d388e657fcc4ea60ccfb03187fa912f3a-7fb3-20230515094724.png
에이치자산운용,최동희,02-6925-0490,"서울특별시 영등포구 의사당대로 82, 11층 (여의도동, 하나증권빌딩)  (07321)",http://www.hassetfund.com/,/upload/logo/1e8761fba739f672-7ffdcc0c16b3135395d-7f04.JPG
에이케이파트너스자산운용,이수형,02-547-0187,"서울시 강남구 영동대로131길 16, 3층 한주빌딩5층 (07327)",http://www.passet.co.kr,/upload/logo/e4d388e657fcc4ea-7c682008195c729b08a-7f8d-20250429102348.png
에이펙스자산운용,최웅필/고영우,02-6265-6645,"서울시 영등포구 여의대로14, 11층(여의도동, KT여의도타워)  (07321)",http://www.apexam.co.kr,/upload/logo/e4d388e657fcc4ea60ccfb03187fa912f3a-7fb0-20230515095002.png
에임즈자산운용,강연재,02-761-9990,"서울특별시 영등포구 여의나루로 71,1308호(여의도동, 동화빌딩)  (07327)",http://https://aimsamc.com/,/upload/logo/noimage.jpg
에프엘자산운용,최미혜,02-592-4130,"서울시 서초구 반포대로 235, 6층(반포동, 반포빌딩)  (06578)",http://www.flasset.co.kr,/upload/logo/1e8761fba739f672-4c12d4161847a0ac102-7fcb-20221201154004.jpg
엑스포넨셜자산운용,김태선,02-6954-1505,"서울시 영등포구 여의공원로101, 710A (CCMM빌딩)  (07241)",http://www.exponentialinvest.com,/upload/logo/e4d388e657fcc4ea60ccfb03187fa912f3a-7fae-20230515095344.png
엔라이튼자산운용,김현배,02-2678-3580,"서울특별시 영등포구 여의대방로67길 22, 9층 903호(여의도동, 태양빌딩)  (07333)",http://www.gzoneasset.com,/upload/logo/noimage.jpg
엔에이치아문디자산운용,길정섭,02-368-3600,서울시 영등포구 국제금융로8길 2 농협재단빌딩 10층 (07330),http://www.nh-amundi.com,/upload/logo/20160511034516690.jpg
엔에이치헤지자산운용,이동훈,02-748-8900,"서울시 영등포구 여의대로108, 5층 (파크워타워 2)  (07335)",http://www.nhhedgeam.com,/upload/logo/e4d388e657fcc4ea60ccfb03187fa912f3a-7fac-20230515095745.png
엘비자산운용,이정환/김도한/조윤석,02-6371-3200,"서울시 중구 세종대로 136, 20층(태평로1가, 서울파이낸스센터)  (04520)",http://www.lb-amc.com,/upload/logo/e4d388e657fcc4ea-51e8db6e183c5ed284c-7fb5-20221018154240.png
엘에프자산운용,이성우,031-342-7841,경기도 안양시 동안구 벌말로 126 3304호 (관양동 평촌오비즈타워)  (14057),http://www.lfamc.kr,/upload/logo/e4d388e657fcc4ea60ccfb03187fa912f3a-7fad-20230515095613.png
엘엔에스자산운용,서경민,02-6925-5941,"서울시 영등포구 여의대로 66, 16층 (여의도동, 하이투자증권빌딩)  (07325)",http://www.lnsasset.com,/upload/logo/1e8761fba739f672-629c30791704233276b-7ff0-20200218135743.PNG
엘케이자산운용,이상신,02-6913-7100,"서울특별시 영등포구 여의공원로 101, 10층(여의도동, C.C.M.M빌딩) C.C.M.M빌딩 (07241)",http://www.lkasset.com,/upload/logo/20160223094011365.gif
엠디엠자산운용,장성수,02-2166-1000,"서울 강남구 테헤란로 306(역삼동, 카이트타워 10층)  (06210)",http://mdmam.com/main/main.php,/upload/logo/e4d388e657fcc4ea-51e8db6e183c5ed284c-7f79-20221018173147.png
엠플러스자산운용,최현철,02-6007-4700,"서울시 강남구 남부순환로2806(도곡동, 군인공제회관 22층)  (06292)",http://www.mplusasset.co.kr,/upload/logo/A01073.gif
오라이언자산운용,김병기,02-782-9116,"서울시 영등포구 국제금융로 70, 미원빌딩 19F 미원빌딩 (07333)",http://www.orioncm.co.kr,/upload/logo/20160622113659960.JPG
오르카자산운용,김민철,02-6953-8761,"서울시 강남구 테헤란로43길 14, 10층 (역삼동, 청수빌딩)  (06151)",http://www.orcainvest.co.kr,/upload/logo/e4d388e657fcc4ea60ccfb03187fa912f3a-7faa-20230515131623.png
오름자산운용,곽효진,02-761-5232,"서울 강남구 봉은사로 230, 4층(역삼동, 봉암빌딩)  (06135)",http://www.orumam.com,/upload/logo/noimage.jpg
오하자산운용,이승후,02-2038-7662,"서울시 영등포구 여의대로66 ,10층(여의도동,하이투자증권)  (07325)",http://www.ohaasset.com,/upload/logo/e4d388e657fcc4ea60ccfb03187fa912f3a-7fa9-20230515132313.png
와이드크릭자산운용,김정훈,02-783-2810,"서울시 중구 세종대로 136, 9층 (태평로1가, 서울파이낸스센터)  (04520)",http://www.widecreekamc.com,/upload/logo/e4d388e657fcc4ea60ccfb03187fa912f3a-7fa8-20230515132524.png
와이앤피자산운용,유관식,02-6241-7660,서울시 서초구 서초중앙로24길 16 KM Tower 2층  (06606),http://www.ynpamc.com,/upload/logo/1e8761fba739f672-629c30791704233276b-7fef-20200218140110.bmp
와이즈먼자산운용,전호식,02-3446-0077,"서울특별시 강남구 테헤란로 204, 6층 (역삼동)  (06220)",,/upload/logo/noimage.jpg
와이케이자산운용,김태균,02-6964-8680,"서울특별시 마포구 양화로 166, 4층(동교동, 미래프라자)  (04050)",http://www.ykam.co.kr,/upload/logo/e4d388e657fcc4ea-7c682008195c729b08a-7f39-20250515170528.jpg
우리자산운용,최승재,02-2118-0500,"서울시 영등포구 여의대로 108, 37층(여의도동, 파크원1)  (07335)",http://www.wooriam.kr,/upload/logo/1e8761fba739f6722b682c3916f8368f30c-7ff5-20200113143958.jpg
우리프라이빗에퀴티자산운용,강신국,02-6949-2801,"서울시 영등포구 여의대로108, 28층 (파크원 타워1)  (07335)",http://www.wooripe.com,/upload/logo/20161018053327312.jpg
우영자산운용,최현민,02-783-8050,"서울시 영등포구 국제금융로10, Two IFC 23층  (07326)",http://www.wooyoungasset.com,/upload/logo/e4d388e657fcc4ea60ccfb03187fa912f3a-7fa7-20230515133721.png
원자산운용,원성욱,02-517-3322,서울특별시 용산구 회나무로 13가길 22 4층  (04344),http://www.one-asset.co.kr,/upload/logo/20210803085750756.jpg
월넛자산운용,김정호,02-783-1060,서울특별시 영등포구 국제금융로 10 Three IFC 45층 4580호  (07326),http://www.wimco.kr,/upload/logo/e4d388e657fcc4ea60ccfb03187fa912f3a-7fa6-20230515134130.png
웰스자산운용,김성곤,02-780-9380,"서울시 영등포구 의사당대로 1길 34 702호(여의도동, 인영빌딩)  (07333)",http://www.wealth1.co.kr,/upload/logo/20160223094503106.gif
웰컴자산운용,한승철,02-6353-7300,"서울시 용산구 한강대로 148, 웰컴금융타워 15층  (04382)",http://welcomefund.co.kr,/upload/logo/e4d388e657fcc4ea60ccfb03187fa912f3a-7fa5-20230515134540.png
위너스자산운용,김희병,02-3453-3254,"서울시 송파구 오금로17길 4, 4층 (예인빌딩)  (05550)",http://www.winnerasset.com,/upload/logo/20180212073538804.jpg
위베스트자산운용,"김성한, 신진웅",02-2138-7179,"서울특별시 영등포구 국제금융로 10, 10층(여의도동, 투아이에프씨)  (07326)",http://www.bluetechfund.com,/upload/logo/e4d388e657fcc4ea3524b7f189ba533e55-7fd9-20230817154350.png
위솔자산운용,조중형,02-2088-0917,"서울시 영등포구 국제금융로 106, 311호 (행진빌딩)  (07343)",http://wesol.co.kr,/upload/logo/e4d388e657fcc4ea3524b7f189ba533e55-7fd8-20230817154613.png
위플러스자산운용,권재완,02-2070-7100,"서울시 서초구 서초대로 330, 2층(서초동, 영일빌딩)  (06633)",http://www.wepasset.com,/upload/logo/20160330034519342.jpg
유경피에스지자산운용,한동엽,02-2090-3300,"서울시 영등포구 국제금융로2길 32, 7층 여의도파이낸스타워 (07325)",http://www.rkpsg.com,/upload/logo/e4d388e657fcc4ea60ccfb03187fa912f3a-7fa4-20230515145744.png
유나이티드파트너스자산운용,박대영,02-720-5999,"서울특별시 종로구 경희궁길 37, 2층(신문로2가)  (03176)",http://www.unitedpartners.co.kr/,/upload/logo/20180212073602605.jpg
유니스토리자산운용,윤창보,02-6105-8332,서울시 영등포구 여의공원로101 903호(여의도동)  (07241),http://www.utim.co.kr/,/upload/logo/20210218014227153.png
유리자산운용,조우철,02-2168-7900,서울시 영등포구 국제금융로6길 17(여의도동) 부국증권빌딩 8층 (07330),http://www.yurieasset.co.kr,/upload/logo/A01054.gif
유진자산운용,진영재,02-2129-3300,"서울특별시 영등포구 국제금융로 39, 16층 (여의도동, 앵커원오피스)  (07339)",http://fund.eugenefn.com,/upload/logo/A01022.gif
으뜸자산운용,김인근/이완식,051-991-0911,"부산광역시 중구 태종로 14, 501호(남포동1가, 와이디빌딩)  (48984)",http://www.ettasset.com,/upload/logo/e4d388e657fcc4ea-5e17290a18a970b4ab7-7fe6-20230926131801.jpg
이가자산운용,이영철,02-561-9540,서울시 강남구 영동대로 316 6층  (06177),http://www.egaasset.com/,/upload/logo/1e8761fba739f6729b64901880d750dfb-7f59-20230516143637.png
이도자산운용,김지영,02-6250-5340,"서울특별시 중구 서소문로 115 7층 (서소문동, 한산빌딩)  (04515)",http://https://yidoasset.com/,/upload/logo/e4d388e657fcc4ea60ccfb03187fa912f3a-7fa2-20230515151041.png
이든자산운용,이상호/최호철,02-6713-8450,서울시 종로구 새문안로 82 에스타워 17층  (03185),http://edninvest.com,/upload/logo/20180417082451574.jpg
이스트우드자산운용,김경진,02-761-6757,"서울시 영등포구 여의대로 66, 15층 (하이투자증권빌딩  (07325)",http://redhillasset.com/,/upload/logo/1e8761fba739f6727d8e60c218e989cecef-7fc4-20240416101838.jpg
이아이피자산운용,박희준,02-6267-5333,"서울시 영등포구 국제금융로 10, 31층 3100호(여의도동, 쓰리아이에프씨)  (07326)",http://eipam.com,/upload/logo/e4d388e657fcc4ea60ccfb03187fa912f3a-7fa1-20230515151351.png
이지스리얼에셋투자운용,최재웅,02-6293-0950,"서울시 영등포구 여의공원로 115, 5층(여의도동, 세우빌딩)  (07241)",http://www.igisra.com/,/upload/logo/1e8761fba739f672-7d3cafc18440fe8659-7fdc-20221111155158.jpg
이지스엑스자산운용,복준호,02-541-8401,"서울시 중구 세종대로 136, 서울파이낸스센터 9층  (04520)",http://www.igisneovalue.com,/upload/logo/e4d388e657fcc4eaf07d1b5185a9e6c65c-7fd6-20230127092033.jpg
이지스자산운용,이규성/강영구,02-6959-3100,서울시 영등포구 여의공원로 115 세우빌딩 13층 (07241),http://www.igisam.com,/upload/logo/A01092.gif
이현자산운용,남정현,02-713-3138,서울시 강남구 테헤란로 10길 8 6층(역삼동 녹명빌딩)  (00234),http://ehyunasset.com/,/upload/logo/20210218012508129.png
이화자산운용,서정두,02-3783-9500,서울시 중구 세종대로 136 서울파이낸스센터 12층 (04520),http://www.nomurarifa.com,/upload/logo/e4d388e657fcc4ea-51e8db6e183c5ed284c-7f92-20221018155554.JPG
인마크자산운용,이정민,02-6673-8880,"서울시 영등포구 국제금융로 10, 22층(여의도동, 원아이에프씨)  (07326)",http://www.inmarkasset.com/,/upload/logo/1e8761fba739f672-50c91eee1669926f952-7fe5.png
인벡스자산운용,양태선,02-785-3881,"서울시 강남구 선릉로 146길 27-5, JP팰리스 4층(청담동)  (06064)",http://www.invex.co.kr,/upload/logo/20161018034406494.jpg
인사이트자산운용,홍정모,02-785-8040,서울시 영등포구 국제금융로 10 Three IFC 3670호  (07326),http://www.insight-asset.co.kr,/upload/logo/e4d388e657fcc4ea60ccfb03187fa912f3a-7fa0-20230515152422.png
인트러스투자운용,황철웅,02-782-9900,"서울시 강남구 테헤란로 152 강남파이낸스센터 6층,14층  (06236)",http://www.intrusim.com,/upload/logo/20180212073633137.jpg
자비스자산운용,이상혁,02-2135-5910,"서울 송파구 올림픽로 82, 8층 현대빌딩  (05556)",http://www.jarvisam.com,/upload/logo/e4d388e657fcc4ea60ccfb03187fa912f3a-7f9f-20230515152539.png
자산운용진,정진영,02-2088-2883,"서울시 강남구 테헤란로 98길 16, 제주장학재단 7층  (06181)",http://www.assetjin.com,/upload/logo/e4d388e657fcc4ea60ccfb03187fa912f3a-7f9e-20230515153416.png
자산운용현,이기중,02-3218-8700,서울시 강남구 도산대로 139 4층 (신사동 제이타워)  (06036),http://www.hyunasset.co.kr,/upload/logo/1e8761fba739f672-693441161835881eff2-7fc6-20221007174512.jpg
제브라자산운용,조형진,02-529-2130,"서울특별시 강남구 선릉로90길 38, 4층  (06193)",http://https://www.zebraasset.com/,/upload/logo/noimage.jpg
제이더블유자산운용,이영민,02-782-8286,"서울시 영등포구 여의대방로67길 10, 607호(여의도동, 외교빌딩)  (07333)",http://www.jw-amc.com,/upload/logo/e4d388e657fcc4ea60ccfb03187fa912f3a-7f9d-20230515153554.png
제이비자산운용,최원철,02-3782-5000,"서울시 영등포구 의사당대로 97, 교보증권빌딩 9층  (07327)",http://www.jbam.co.kr,/upload/logo/20170131033509813.jpg
제이씨에셋자산운용,조광재,02-6137-9555,"서울시 영등포구 국제금융로 10 ,33층 (여의도동, Three IFC)  (07326)",http://www.jcasset.co.kr,/upload/logo/e4d388e657fcc4ea60ccfb03187fa912f3a-7f9c-20230515153734.png
제이알투자운용,이방주/김관영/장현석,02-564-7004,"서울시 중구 을지로 100, B동 21층 (을지로2가, 파인에비뉴)  (04551)",http://www.jramc.com,/upload/logo/1e8761fba739f6727d8e60c218e989cecef-7fc5-20240416100007.png
제이엠씨자산운용,최창현,02-501-6954,"서울시 성동구 광나루로8길 31, 2층 205호(성수동2가, 에스케이브이원센터)  (04799)",http://rdasset.co.kr,/upload/logo/e4d388e657fcc4ea-6fa67f8f1722b8d6dab-7f72-20200618182114.png
제이피에셋자산운용,이택연,02-761-8020,서울시 영등포구 여의나루로 67 신송빌딩 10층 (07327),http://www.jpasset.net,/upload/logo/A01094.jpg
지니자산운용,변현수,02-553-9115,서울시 강남구 봉은사로 624 2층(삼성동 삼광빌딩)  (06170),http://www.genieam.co.kr,/upload/logo/20210218012442120.png
지베스코자산운용,한태희,02-732-3421,"서울시 종로구 종로 33, 8층 (청진동, 그랑서울 타워1)  (03159)",http://gvescoim.com,/upload/logo/e4d388e657fcc4ea60ccfb03187fa912f3a-7f9b-20230515154617.png
지브이에이자산운용,박지홍,02-6276-5100,"서울시 영등포구 국제금융로 10, THREE IFC 45층(여의도동)  (07326)",http://gvaasset.com,/upload/logo/20170622080932010.jpg
지알이파트너스자산운용,송종헌/강정구,02-6137-9090,"서울시 영등포구 국제금융로 10, One IFC 28층  (07326)",http://www.greamc.com/,/upload/logo/e4d388e657fcc4ea-2c47e9be1683155ab2a-7f8e.JPG
지지자산운용,강준,02-718-5678,"서울시 용산구 청파로 289-1 지지자산운용빌딩 4,5층  (04309)",http://www.ggfund.co.kr,/upload/logo/1e8761fba739f672-5c4449d2183eefdc52c-7fd7-20221102160913.jpg
차파트너스자산운용,차종현,02-544-9701,"서울특별시 영등포구 국제금융로 10, 6층 0650호 Two IFC (07326)",http://www.tchapartners.com,/upload/logo/1e8761fba739f672-7d3cafc18440fe8659-7fda-20221111162508.jpg
체이스웨이자산운용,이호철,02-508-0321,"서울시 강남구 봉은사로 220, 12층  (06135)",http://https://www.chaseway.co.kr,/upload/logo/noimage.jpg
카디안자산운용,김상준,02-2126-3500,"서울시 영등포구 국제금융로 10, One IFC 22F  (07326)",http://www.kardian.co.kr,/upload/logo/e4d388e657fcc4ea5e82b7a3197871e8799-7f5e-20250814151247.jpg
칸서스자산운용,김연수,02-2077-5000,"서울시 영등포구 국제금융로8길 31, SK증권빌딩 10층 KDB생명타워 18층 (07332)",http://www.consus.co.kr,/upload/logo/A01041.gif
캐피탈랜드투자운용,손민성,02-721-9300,서울시 중구 세종대로 136 서울파이낸스센터 6층  (04520),http://www.climkorea.com,/upload/logo/1e8761fba739f67251da3d011793001fde7-8000-20210503111507.jpg
캡스톤자산운용,김윤구,02-569-0871,"서울시 강남구 테헤란로87길 36, 22층(삼성동, 도심공항타워)  (06164)",http://www.capstoneam.co.kr,/upload/logo/20131115045507041.JPG
케이리츠투자운용,김수형,02-3287-0114,서울시 영등포구 국제금융로8길 31 9층 (여의도동 SK증권빌딩)  (07332),http://www.kreitsnp.com,/upload/logo/1e8761fba739f672-7ffdcc0c16b3135395d-7f00.JPG
케이비자산운용,김영성,02-2167-8200,"서울시 영등포구 국제금융로 10 40,41층 (여의도동, Three IFC) (07325)",http://www.kbam.co.kr,/upload/logo/A01031.jpg
케이씨지아이대체투자운용,윤재성,02-780-7010,"서울시 영등포구 국제금융로 10,   One IFC 15층  (07326)",http://https://kcgiai.com/,/upload/logo/1e8761fba739f6726f5a324918aa5a3b7d7-7ff3-20230920160702.png
케이씨지아이자산운용,목대균/조원복,02-1588-5533,서울특별시 영등포구 국제금융로 10 One IFC 15층  (07326),http://www.kcgiam.com,/upload/logo/1e8761fba739f6726f5a324918aa5a3b7d7-7ff8-20230920160124.jpg
케이에스에프자산운용,김병규,02-561-4472,"서울시 강남구 삼성로 528, 3층(삼성동, 부방빌딩)  (06167)",http://ksfasset.com/home/,/upload/logo/1e8761fba739f6729b64901880d750dfb-7fdf-20230516101046.png
케이에스자산운용,이근승,02-6295-7500,"서울시 영등포구 국제금융로10, 18층 1840호(여의도동, 원 아이에프씨)  (07326)",http://ksasset.co.kr/,/upload/logo/1e8761fba739f6729b64901880d750dfb-7fde-20230516101303.png
케이와이자산운용,김종옥,02-826-9113,"서울시 영등포구 국제금융로8길 11, 11층 1121호 (여의도동, 대영빌딩)  (07333)",http://www.ky-am.com,/upload/logo/1e8761fba739f672-5c4449d2183eefdc52c-7fd6-20221102161251.png
케이원자산운용,김성일,02-786-6077,"서울특별시 영등포구 의사당대로 97, 6층(여의도동, 교보증권빌딩)  (07327)",http://www.k1invest.co.kr,/upload/logo/noimage.jpg
케이클라비스자산운용,이정훈/김주연,02-2070-3800,"서울시 영등포구 국제금융로 10, 31층(여의도동, Three IFC)  (07326)",http://www.kclavis.com,/upload/logo/1e8761fba739f6729b64901880d750dfb-7fdc-20230516101733.png
케이티투자운용,지승훈,02-556-6400,"서울시 강남구 테헤란로 501, 10층(삼성동, 브이플렉스)  (06168)",http://ktamc.com/,/upload/logo/1e8761fba739f6729b64901880d750dfb-7fda-20230516102033.png
케이핀자산운용,김기용,02-788-9901,서울시 영등포구 국제금융로8길11 (여의도동 대영빌딩) 641호  (07333),http://www.kfinasset.com/,/upload/logo/1e8761fba739f6729b64901880d750dfb-7fd8-20230516102125.png
케펠자산운용,성흔도,02-6949-1390,서울시 영등포구 국제금융로 10 ONE IFC 18층  (07326),http://www.keppelim.com/,/upload/logo/1e8761fba739f6729b64901880d750dfb-7fd6-20230516103202.png
케플러자산운용,박준범,02-769-1541,서울시 영등포구 여의나루로 67 5층  (07327),http://www.keplerasset.com,/upload/logo/20200825045202184.jpg
켄달스퀘어자산운용,윤원섭/문용웅,02-6331-3300,"서울시 영등포구 국제금융로10, 35층(Three IFC)  (07326)",http://ks-amc.com,/upload/logo/20170622081005860.jpg
코람코자산운용,"윤장호, 김태원",02-787-0101,서울시 강남구 삼성로 511(삼성동 144-17) 골든타워 2층 (06158),http://www.koramcofund.co.kr,/upload/logo/A01090.gif
코레이트자산운용,송태종,02-3774-6114,서울시 강남구 테헤란로 137 코레이트타워 9층  (06132),http://www.koreitasset.com,/upload/logo/e4d388e657fcc4ea-51e8db6e183c5ed284c-7fce-20221018151409.png
코리아자산운용,허정권,02-6744-0601,"서울시 강남구 테헤란로 508, 15층 (대치동, 해성2빌딩)  (06178)",http://www.k-amc.com,/upload/logo/1e8761fba739f6729b64901880d750dfb-7fce-20230516104052.png
코어자산운용,노영서,02-784-4200,"서울시 영등포구 국제금융로 10, 28층(여의도동, 원아이에프씨)  (07326)",http://https://coresasset.com/,/upload/logo/1e8761fba739f6729b64901880d750dfb-7fc4-20230516105324.png
쿼드자산운용,황호성,02-786-1830,서울시 영등포구 국제금융로 10 Three IFC 29층 더케이트윈타워 A동 10층 (07326),http://www.quadim.com,/upload/logo/20160226091055697.gif
쿼터백자산운용,조홍래,02-6105-6511,"서울시 영등포구 여의대로 108, 파크원타워1 26층   (07335)",http://www.qbinvestments.com,/upload/logo/20170622081040133.jpg
퀀트인자산운용,"강윤석, 한용전",02-761-8520,서울시 영등포구 국제금융로8길 11 대영빌딩 931호  (07333),http://www.quant-in.com,/upload/logo/1e8761fba739f672-629c30791704233276b-7fed-20200218172052.png
큐브인더스트리얼자산운용,임재임스태근,070-7705-4404,서울시 강남구 영동대로316 (새마을운동중앙회) 10층  (06177),http://https://qubeindustrialamc.com/,/upload/logo/noimage.jpg
크리에이트자산운용,신준호,02-6953-9334,"서울특별시 영등포구 여의대로 108, 파크원 타워2 27층  (07335)",http://www.kreateam.co.kr,/upload/logo/noimage.jpg
키움투자자산운용,김기현,02-789-0300,"서울특별시 영등포구 의사당대로96, 11,12층  (07331)",http://www.kiwoomam.com,/upload/logo/20141203012808007.gif
타이거대체투자운용,이승훈/김용훈,02-6954-1365,"서울시 종로구 종로1길 50, A동 10층 (중학동, 케이트윈타워) 케이트윈타워 (03142)",http://www.tigeralt.com,/upload/logo/20201026014052735.jpg
타이거자산운용투자일임,이재완,070-4015-8878,"서울시 강남구 테헤란로7길 11,301호, 602호(역삼동, 한덕빌딩) 한덕빌딩 (06134)",http://www.tigerinv.co.kr,/upload/logo/1e8761fba739f67279cea1f16ec55b90c6-7fa7-20200102101518.png
타임폴리오자산운용,황성환/차문현,02-533-8940,"서울시 영등포구 의사당대로 96, 16층 (TP Tower)  (07321)",http://www.timefolio.co.kr,/upload/logo/e4d388e657fcc4ea-51e8db6e183c5ed284c-7fb0-20221018154412.png
태성자산운용,박성수,02-734-9800,"서울특별시 동대문구 왕산로 10, 10층 (신설동, 한성빌딩)  (02582)",http://tsdaesung.com,/upload/logo/1e8761fba739f672-5c4449d2183eefdc52c-7fd4-20221104111039.JPG
템플턴하나자산운용,성운기,02-3774-0621,서울시 영등포구 여의공원로 101(여의도동) CCMM빌딩 3층 (07241),http://darbyoverseas.com,/upload/logo/e4d388e657fcc4ea52b8ec6b17a501ef683-7fe0-20210709140823.JPG
토러스자산운용,김영민,02-541-0700,서울시 영등포구 여의대로 14 KT여의도타워 14층  (07320),http://taurus.co.kr,/upload/logo/1e8761fba739f6729b64901880d750dfb-7fb6-20230516112748.png
토브자산운용,박찬형,02-6271-8465,"서울시 중구 세종대로 73, 17층  (04514)",http://www.tovasset.com/,/upload/logo/1e8761fba739f6729b64901880d750dfb-7fb2-20230516130243.png
토터스자산운용,설윤성,02-2058-0231,"서울시 강남구 논현로26길 52, 2층(도곡동, 한설빌딩)  (06300)",http://www.torpar.com,/upload/logo/1e8761fba739f6729b64901880d750dfb-7fb0-20230516130336.png
트러스타자산운용,유정상,02-6952-1167,"서울시 강남구 테헤란로 409, 동신빌딩 6층  (06162)",http://www.trustarmgt.com/,/upload/logo/e4d388e657fcc4ea-51e8db6e183c5ed284c-7fe5-20221018150249.png
트러스톤자산운용,"황성택, 이성원, 김영호",02-6308-0500,서울시 성동구 뚝섬로1길 10 (성수동1가)  (04779),http://www.trustonasset.com,/upload/logo/20160905030019578.jpg
티아이자산운용,김지성,02-786-7360,"서울 영등포구 여의대방로 376, 나라키움여의도빌딩 23층  (07342)",http://www.tiasset.co.kr/,/upload/logo/e4d388e657fcc4ea-51e8db6e183c5ed284c-7fd8-20221018150918.JPG
티엘자산운용,이혁진,02-783-8883,"서울특별시 영등포구 여의나루로 71, 14층 03호  (07327)",http://www.tyelam.com,/upload/logo/20170622035449072.jpg
파로스자산운용,"윤대은, 최형",02-780-8734,서울시 영등포구 여의공원로101 901A 호(여의도동 CCMM빌딩)  (07241),http://www.pharosam.com,/upload/logo/1e8761fba739f6729b64901880d750dfb-7fa2-20230516131130.png
파이브트리자산운용,경병선,02-780-1997,"서울 영등포구 국제금융로 6길 30, 8층 812호 (여의도동, 백상빌딩)  (07333)",http://www.fivetree.co.kr,/upload/logo/20200825045527980.jpg
파인밸류자산운용,"이상욱, 이진욱",02-783-5069,서울시 영등포구 국제금융로 10 Three IFC 42층 (07326),http://www.findvalue.co.kr,/upload/logo/1e8761fba739f672-5c4449d2183eefdc52c-7fe1-20221026152945.jpg
파인스트리트자산운용,"나성수, 조건호",02-3458-4700,"서울시 영등포구 여의대로 108 파크원타워2, 29층  (07335)",http://pinestreetgrp.com/amc,/upload/logo/20160223094734897.gif
파인트리자산운용,이성제/김하석,070-8622-4789,"서울시 영등포구 의사당대로 8(여의도동, 태흥빌딩) 601호  (07236)",http://www.pinetreeim.com,/upload/logo/20170316111353605.jpg
퍼시픽브릿지자산운용,이덕건,02-2088-7037,서울시 강남구 영동대로 511 1904호 (삼성동 트레이드타워)  (06164),http://www.pacificbridgeam.com,/upload/logo/1e8761fba739f672-7ffdcc0c16b3135395d-7f38.jpg
퍼시픽자산운용,홍창민,02-2135-1481,"서울시 강남구 테헤란로 432 (대치동, DB금융센터 20층)  (06194)",http://www.pacific-amc.com,/upload/logo/20161018034506655.jpg
페블스톤자산운용,황태웅,02-2000-6820,"서울시 종로구 종로3길 17, 광화문D타워 D1 18층  (03155)",http://www.ps-amc.com,/upload/logo/1e8761fba739f672-5c4449d2183eefdc52c-7ff4-20221019174339.jpg
페블즈자산운용,추용,02-562-0900,"서울시 강남구 도산대로 330,  10, 11층 (논현동, 서림빌딩)  (06142)",http://www.pebblesinvestment.com,/upload/logo/1e8761fba739f672-7ffdcc0c16b3135395d-7efc.JPG
페트라자산운용,용환석/이찬형,02-3774-0978,"서울시 영등포구 은행로 25, 9층  (07238)",http://www.petracm.com,/upload/logo/20160223094807503.gif
포트코리아자산운용,신현기,02-2070-6400,"서울시 영등포구 국회대로62길5, 9층 (신태진빌딩)  (07236)",http://www.fortkorea.com,/upload/logo/20180212073758950.jpg
푸른파트너스자산운용,주신홍,02-512-7677,"서울시 서초구 강남대로 581 (잠원동, 푸른빌딩) 푸른빌딩 (06530)",http://www.prpt.co.kr,/upload/logo/20160622113832733.jpg
프라임자산운용,장우철,02-6713-8380,"서울시 영등포구 국제금융로 20, 2층(여의도동, 율촌개발㈜빌딩)  (07327)",http://www.primeam.co.kr,/upload/logo/e4d388e657fcc4ea-c5e6cc81793f6b0a61-7fef-20210507111203.jpg
프라핏자산운용,서웅교,02-567-9905,서울시 강남구 테헤란로 312 비전타워 15층  (06211),http://www.prophet-asset.com,/upload/logo/e4d388e657fcc4ea-406522317195d5e3a4-7fec-20200428200846.bmp
플랫폼파트너스자산운용,"문두환, 이재혁",02-546-9660,서울시 강남구 압구정로 36길 4  (06023),http://www.platformasset.com/,/upload/logo/20161018053214900.jpg
플러스자산운용,백운성,02-3787-2700,서울시 영등포구 국제금융로 10 IFC Three 36층 (07326),http://www.plusasset.com,/upload/logo/A01058.gif
피데스자산운용,송상종,02-567-8400,서울시 영등포구 의사당대로 97 교보증권빌딩 14층 교보증권빌딩 (07327),http://www.fides.co.kr,/upload/logo/1e8761fba739f6729b64901880d750dfb-7f8d-20230516133044.png
피델리티자산운용,권준,02-3783-0901,서울시 중구 세종대로 136 서울파이낸스센터 6층 (04520),http://www.fidelity.co.kr,/upload/logo/20160201063452398.gif
피보나치자산운용,태혁진,02-6273-3800,"서울시 용산구 서빙고로17, 용산센트럴파크타워 오피스동 1205호  (04387)",http://www.fbncasset.com,/upload/logo/1e8761fba739f6729b64901880d750dfb-7f8a-20230516133320.png
피에스자산운용,김남영,02-6053-4271,서울시 영등포구 여의나루로 67 (여의도동 신송빌딩 14층)  (07327),http://www.pitta.co.kr/,/upload/logo/1e8761fba739f672-5c4449d2183eefdc52c-7fec-20221021151746.png
피티알자산운용,이만열,02-2039-6812,"서울시 영등포구 국제금융로 10, Three IFC 30층  (07326)",http://www.ptrfund.com/,/upload/logo/20180212073822785.jpg
핀시커자산운용,이기훈,02-538-9921,"서울특별시 강남구 테헤란로7길 12, 5층 507호  (06133)",,/upload/logo/noimage.jpg
하나대체투자자산운용,정해성,02-2190-6500,서울시 중구 을지로 66 하나금융그룹 명동사옥 (04538),http://www.hana-aamc.com/,/upload/logo/20180117055326939.png
하나자산운용,김태우,02-3771-7800,서울시 영등포구 의사당대로 82 하나증권빌딩 15층  (07321),http://www.hanaam.com,/upload/logo/1e8761fba739f672-7270df85197a050e7b9-7fbe-20250708103550.png
하우자산운용,"김종욱, 황영만",2050-4700,"서울시 강남구 테헤란로 223, 큰길타워빌딩 15층 하우자산운용(주)  (06142)",http://www.howasset.com,/upload/logo/1e8761fba739f672-2366035019ede121a49-7fec-20260622172040.jpg
하이즈에셋자산운용,김준기,02-2039-5550,"서울시 강남구 영동대로 611, 12층(삼성동, 찬앤찬타워)  (06087)",http://hizeasset.com/,/upload/logo/e4d388e657fcc4ea-6fa67f8f1722b8d6dab-7f70-20200618183228.PNG
한강에셋자산운용,김수철,02-6137-6731,"서울시 영등포구 국제금융로 10,  국제금융센터 Three IFC 53층 Three IFC (07326)",http://www.hangangasset.com/,/upload/logo/20160421093920359.png
한국교통자산운용,성훈진,02-6328-8800,서울 중구 남대문로5길 37 극동빌딩 8층  (04526),http://www.KOTAM.com.sg,/upload/logo/20180110104228468.jpg
한국대성자산운용,이규엽,02-2088-3185,"서울시 영등포구 국제금융로8길 19, 401호(여의도동, 중앙빌딩)  (07333)",http://www.kdsasset.com,/upload/logo/20170213102459013.jpg
한국대안투자자산운용,서정규,02-535-6050,서울시 서초구 서평대로 26길 48 미성빌딩 5층  (06577),http://www.thekaic.com,/upload/logo/20160223094230638.gif
한국대체투자자산운용,김성식/이유열,02-2088-3597,서울시 강남구 논현로 612 3층 한국대체투자자산운용  (06109),http://www.kaam.kr,/upload/logo/20200825043428520.jpg
한국성장금융투자운용,허성무,02-2090-9100,"서울시 영등포구 국제금융로8길 31, SK증권빌딩 12층  (07332)",http://www.kgrowth.or.kr,/upload/logo/20160622114158852.jpg
한국채권투자운용,김형호,02-782-5100,서울시 영등포구 의사당대로 143 금융투자센터빌딩 5층  (07332),http://kfiam.co.kr,/upload/logo/20210916013558119.png
한국투자리얼에셋운용,김용식,02-6112-5999,"서울시 영등포구 여의대로 108, 41층(여의도동, 파크원타워2)  (07335)",http://kira.koreainvestment.com/,/upload/logo/1e8761fba739f6729b64901880d750dfb-7f73-20230516140033.png
한국투자밸류자산운용,이석로,02-3276-6000,"서울시 영등포구 국제금융로2길 28, 현대차증권빌딩 16층, 17층  (07325)",http://www.koreavalueasset.com,/upload/logo/20140425112510745.gif
한국투자신탁운용,배재규,02-2055-5555,"서울특별시 영등포구 국제금융로6길 33, 12층 16호 (여의도동, 맨하탄빌딩) FKI TOWER (07320)",http://www.kim.co.kr,/upload/logo/1e8761fba739f672-b1b21c018898d8cf97-7ff4-20230609104651.png
한스프라임자산운용,진현수,02-6243-0070,서울시 서초구 서초대로397 부띠크모나코 A2608호  (06616),http://www.hansprime.com,/upload/logo/1e8761fba739f6729b64901880d750dfb-7f6a-20230516140516.png
한일퍼스트자산운용,황윤선,02-780-5812,"서울시 영등포구 의사당대로 21, 3층(여의도동, 한국기업데이터빌딩)  (07333)",http://www.hanilfirst.com,/upload/logo/20170213102045322.jpg
한화인베스트먼트,이명재,02-6328-1301,"서울시 중구 마른내로27, 7층(초동, 타워107)  (04550)",,/upload/logo/noimage.jpg
한화자산운용,권희백,02-6950-0000,"서울시 영등포구 63로 50, 63빌딩 46, 47, 49, 50, 51, 53층 (07345)",http://www.hanwhafund.com,/upload/logo/A01021.gif
허브자산운용,차원주/김종석,02-6959-9023,"서울시 강남구 봉은사로 429, 6층 (삼성동 위즈빌딩)  (06097)",http://www.hubasset.co.kr,/upload/logo/1e8761fba739f672-4c73d04c1862f71345a-7fdc-20230216181238.jpg
헤리티지자산운용,송현석,02-6295-1742,서울시 영등포구 국제금융로 10 20층 One IFC 헤리티지자산운용  (07326),http://www.heritagefund.co.kr,/upload/logo/e4d388e657fcc4ea-219ec634180986010b4-7fb1-20220525144909.jpg
현대얼터너티브,이용규,02-6011-0421,"서울특별시 영등포구 의사당대로3, 5층(여의도동 현대카드빌딩 1관)  (07237)",http://https://www.hyundaialternative.com/,/upload/logo/1e8761fba739f672-7270df85197a050e7b9-7fff-20250624140226.png
현대인베스트먼트자산운용,김승호,02-6276-7000,"서울시 영등포구 국제금융로8길 16, 신영증권빌딩 10층  (07330)",http://www.hdfund.co.kr,/upload/logo/A01047.gif
현대자산운용,정욱,02-2090-0500,"서울시 영등포구 여의대로 24, FKI타워 20층  (07320)",http://www.hyundaiam.com,/upload/logo/A01082.gif
현대하임자산운용,정정이,02-318-0113,"서울시 중구 을지로5길 19, 15층 (수하동,페럼타워)  (04539)",http://www.h-aim.co.kr,/upload/logo/1e8761fba739f672-7270df85197a050e7b9-7ffd-20250624140426.png
화인자산운용,정민철,02-399-0224,"서울시 종로구 청계천로 41 (서린동, 영풍빌딩)  (03188)",http://www.fineinvestment.co.kr,/upload/logo/1e8761fba739f6729b64901880d750dfb-7f62-20230516141412.png
황소자산운용,오준규,02-782-7530,"서울 영등포구 국제금융로 10, Two IFC, 10F  (07327)",http://www.bullsasset.co.kr,/upload/logo/1e8761fba739f6729b64901880d750dfb-7f5b-20230516141513.png
흥국자산운용,이두복,02-2122-2800,"서울시 영등포구 국제금융로8길 16, 신영증권빌딩 10층 흥국생명빌딩3층 (07330)",http://www.hkfund.co.kr,/upload/logo/A01032.gif
