회사명,주식,혼합주식,혼합채권,채권,투자계약,재간접,단기금융,파생형,부동산,실물,특별자산,혼합자산,기업성장,기관전용 사모펀드,투자일임기타,합계,위탁운용,전일대비,전년대비
가디언자산운용,0,2,0,0,0,0,0,0,0,0,0,1,0,0,0,3,0,0,1
갤럭시자산운용,0,3,1,0,0,2,0,0,0,0,0,6,0,0,1,13,0,0,-3
경일에셋자산운용,0,0,0,0,0,0,0,0,0,0,0,1,0,0,0,1,0,0,1
골든브릿지자산운용,4,1,3,2,0,2,0,1,3,0,7,10,0,0,0,33,0,0,-8
골든스톤자산운용,0,0,0,0,0,0,0,0,0,0,0,0,0,0,0,0,0,0,-1
교보악사자산운용,99,6,23,107,0,28,6,28,1,0,12,5,0,0,100,415,0,0,13
교보에이아이엠자산운용,0,0,0,1,2,14,0,1,9,0,8,3,0,1,0,39,0,0,12
구도자산운용,0,0,0,0,0,0,0,0,0,0,0,25,0,0,0,25,0,0,8
국제자산운용,0,0,0,0,0,0,0,0,4,0,0,0,0,0,0,4,0,0,0
그라니쿠스자산운용,0,0,0,0,0,0,0,0,4,0,0,0,0,0,0,4,0,0,4
그래디언트자산운용,0,0,0,0,0,0,0,0,1,0,0,2,0,0,0,3,0,0,0
그래비티자산운용,0,0,0,0,0,0,0,0,21,0,0,0,0,0,0,21,0,0,3
그레이스자산운용,0,0,0,0,0,0,0,0,0,0,0,2,0,0,0,2,0,0,1
그로쓰힐자산운용,94,0,0,0,0,2,0,0,0,0,0,8,0,0,0,104,0,0,21
그린하버자산운용,3,0,0,0,0,0,0,0,1,0,9,3,0,0,0,16,0,0,-4
글로벌원자산운용,1,1,1,1,0,1,0,0,2,0,0,9,0,0,0,16,0,0,2
글로벌자산운용,0,0,0,0,0,0,0,0,0,0,0,0,0,0,0,0,0,0,-2
나눔자산운용,0,1,0,0,0,0,0,0,0,0,0,4,0,0,0,5,0,0,0
나무자산운용,0,0,0,0,0,0,0,0,0,0,0,3,0,0,0,3,0,0,0
나이스자산운용,0,2,3,0,0,1,0,0,0,0,0,6,0,0,1,13,0,0,-3
나틱시스자산운용,0,0,0,0,0,1,0,0,0,0,0,0,0,0,0,1,0,0,0
넥서스자산운용,0,1,0,0,0,0,0,0,0,0,0,5,0,0,0,6,0,0,1
누림자산운용,0,0,0,0,0,0,0,1,0,0,0,3,0,0,0,4,0,0,0
누버거버먼자산운용,0,0,0,0,0,6,0,0,0,0,0,0,0,0,0,6,0,0,0
다올자산운용,26,11,17,32,0,44,2,10,22,0,27,15,0,0,0,206,0,0,7
다원자산운용,36,0,5,6,0,0,0,0,0,0,0,7,0,0,0,54,0,0,14
다인자산운용,2,0,1,0,0,0,0,0,0,0,0,12,0,0,0,15,0,0,2
단디자산운용,0,0,0,0,0,0,0,0,0,0,0,2,0,0,0,2,0,0,1
대덕자산운용,5,0,1,0,0,0,0,1,0,0,0,6,0,0,0,13,0,0,-1
대신자산운용,40,9,13,50,0,23,1,9,25,0,5,22,0,0,0,197,0,-1,16
더글로벌자산운용,1,0,2,0,0,0,0,0,0,0,0,7,0,0,0,10,0,0,0
더다움자산운용,0,0,0,0,0,0,0,0,0,0,0,5,0,0,0,5,0,0,0
더로크자산운용,0,0,0,0,0,0,0,0,0,0,0,1,0,0,0,1,0,0,0
더블유더블유지자산운용,0,0,0,0,0,2,0,0,2,0,1,2,0,2,0,9,0,0,0
더블유자산운용,129,5,1,2,0,0,0,0,0,0,0,34,0,0,0,171,0,0,-50
더제이자산운용,38,0,3,0,0,0,0,2,0,0,0,25,0,0,0,68,0,0,10
더채움자산운용,0,0,0,1,0,0,0,0,0,0,0,0,0,0,0,1,0,0,1
더크리에이티브자산운용,1,0,0,0,0,0,0,0,1,0,0,5,0,0,0,7,0,0,-2
더퍼블릭자산운용,0,0,0,0,0,0,0,0,0,0,0,3,0,0,0,3,0,0,0
더퍼스트자산운용,0,0,0,1,0,0,0,0,0,0,0,3,0,0,0,4,0,0,0
도미넌트자산운용,0,0,0,0,0,0,0,0,9,0,0,0,0,0,0,9,0,0,0
두나미스자산운용,4,0,0,0,0,0,0,0,0,0,0,5,0,0,0,9,0,0,-1
디더블유에스자산운용,0,2,4,13,0,7,0,0,7,0,0,0,0,0,0,33,0,0,1
디블록자산운용,0,0,0,0,0,0,0,0,0,0,0,1,0,0,0,1,0,0,0
디비아이자산운용,0,0,0,0,0,0,0,0,0,0,0,3,0,0,0,3,0,0,2
디비자산운용,69,5,13,80,0,13,3,20,3,0,7,72,0,0,0,285,0,0,-3
디스커버리자산운용,0,0,0,0,0,0,0,0,0,0,0,71,0,0,0,71,0,0,0
디에스자산운용,657,5,3,1,0,0,0,0,0,0,0,81,0,0,0,747,0,-1,207
디에이치지자산운용,0,0,0,0,0,0,0,0,0,0,0,1,0,0,0,1,0,0,0
디오션자산운용,0,2,0,0,0,0,0,0,0,0,0,2,0,0,0,4,0,0,0
디와이자산운용,0,0,0,0,0,0,0,0,0,0,0,5,0,0,0,5,0,0,0
디파인자산운용,0,4,2,1,0,0,0,0,1,0,0,1,0,0,0,9,0,0,2
라살자산운용,0,0,0,0,0,1,0,0,17,0,0,0,0,0,0,18,0,0,1
라온자산운용,0,0,0,0,0,0,0,0,0,0,0,1,0,0,0,1,0,0,-1
라이노스자산운용,1,0,14,1,0,1,0,0,0,0,0,2,0,0,0,19,0,0,-6
라이언자산운용,16,4,3,1,0,0,0,1,5,0,1,8,0,0,0,39,0,0,3
라이크자산운용,0,0,0,0,0,0,0,0,0,0,0,0,0,0,0,0,0,0,0
라이프자산운용,32,9,7,0,0,0,0,1,0,0,0,80,0,0,0,129,0,1,30
라쿤자산운용,0,0,0,0,0,0,0,5,0,0,0,2,0,0,0,7,0,0,0
람다자산운용,0,0,1,0,0,2,0,0,0,0,0,4,0,0,0,7,0,0,-2
레이크자산운용,0,4,2,0,0,1,0,0,0,0,0,4,0,0,0,11,0,0,-3
레인메이커자산운용,0,0,0,0,0,0,0,0,0,0,0,7,0,0,0,7,0,0,2
로렌스투자자산운용,0,0,0,0,0,0,0,0,0,0,0,1,0,0,0,1,0,0,0
로만자산운용,1,1,2,0,0,0,0,0,0,0,0,4,0,0,0,8,0,0,0
로버스트자산운용,2,0,0,0,0,0,0,11,0,0,0,5,0,0,0,18,0,0,0
루트엔글로벌자산운용,2,4,3,0,0,1,0,1,0,0,0,0,0,0,0,11,0,0,-1
르네상스자산운용,795,7,0,0,0,0,0,0,0,0,0,15,0,0,0,817,0,1,363
르퓨쳐자산운용,0,0,0,0,0,0,0,0,0,0,0,13,0,0,0,13,0,0,5
리딩자산운용,0,2,0,1,0,0,0,0,10,0,0,10,0,0,0,23,0,0,1
리버스톤자산운용,4,1,0,0,0,0,0,0,0,0,0,2,0,0,0,7,0,0,1
리운자산운용,6,8,3,0,0,0,0,0,0,0,0,2,0,0,0,19,0,0,0
리치먼드자산운용,0,0,0,0,0,2,0,0,15,0,0,0,0,0,0,17,0,0,0
리치자산운용,0,0,1,0,0,0,0,0,0,0,0,3,0,0,0,4,0,0,0
리커버리자산운용,0,0,0,38,0,0,0,2,0,0,0,3,0,0,0,43,0,0,0
리코자산운용,0,0,14,0,0,0,0,0,0,0,0,11,0,0,0,25,0,0,0
리판자산운용,0,0,0,0,0,0,0,0,2,0,0,3,0,0,0,5,0,0,1
린드먼파트너스자산운용,0,0,0,0,0,0,0,0,0,0,6,0,0,0,0,6,0,0,-3
릴라이언자산운용,3,1,2,0,0,0,0,0,1,0,0,6,0,0,0,13,0,0,3
릿지자산운용,0,0,0,0,0,0,0,0,0,0,0,1,0,0,0,1,0,0,1
마르스자산운용,5,0,1,0,0,1,0,0,0,0,0,6,0,0,0,13,0,0,4
마스터자산운용,1,6,0,0,0,0,0,0,0,0,0,9,0,0,0,16,0,0,4
마스턴투자운용,1,0,0,0,0,0,0,0,91,0,5,1,0,0,0,98,0,0,-5
마스트파트너스자산운용,0,0,0,0,0,0,0,0,0,0,0,1,0,0,0,1,0,0,-1
마시펜아시아자산운용,0,0,0,0,0,0,0,0,0,0,0,0,0,0,0,0,0,0,-3
마에스트로자산운용,0,0,0,0,0,0,0,0,1,0,0,2,0,0,0,3,0,0,0
마운틴자산운용,13,0,0,0,0,0,0,0,0,0,0,5,0,0,0,18,0,0,12
마이다스에셋자산운용,94,5,15,67,0,25,0,1,7,0,0,13,0,0,0,227,0,1,19
마인드자산운용,0,0,0,0,0,0,0,0,0,0,0,2,0,0,0,2,0,0,-1
마일스톤자산운용,0,1,4,0,0,1,0,3,9,0,0,11,0,0,0,29,0,0,2
마제스티자산운용,1,0,3,0,0,0,0,0,0,0,0,3,0,0,0,7,0,0,-2
마크자산운용,1,0,6,0,0,8,0,1,2,0,0,8,0,0,0,26,0,0,7
맥쿼리자산운용,0,0,0,0,0,0,0,0,1,0,4,1,0,0,0,6,0,0,1
머스트자산운용,0,0,0,0,0,1,0,0,0,0,0,28,0,0,0,29,0,0,7
머치앤모어자산운용,0,1,0,0,0,0,0,0,0,0,6,1,0,0,0,8,0,0,6
머큐리자산운용,0,1,0,0,0,0,0,0,1,0,0,1,0,0,0,3,0,0,0
메리디안원자산운용,0,0,0,0,0,0,0,0,0,0,0,3,0,0,0,3,0,0,0
메리츠대체투자운용,0,0,0,0,0,0,0,0,48,0,4,0,0,0,0,52,0,0,6
메이븐자산운용,0,0,0,0,0,0,0,0,0,0,0,2,0,0,0,2,0,0,-2
메이어스자산운용,0,2,0,0,0,0,0,0,0,0,0,2,0,0,0,4,0,0,0
메자닌플러스자산운용,0,0,0,0,0,0,0,0,0,0,0,1,0,0,2,3,0,0,-3
메테우스자산운용,0,0,16,1,0,1,0,0,16,0,0,5,0,0,0,39,0,0,1
멜론자산운용,0,2,1,0,0,0,0,0,10,0,0,1,0,0,0,14,0,0,1
모다자산운용,0,0,0,0,0,0,0,0,0,0,0,1,0,0,0,1,0,0,0
모루자산운용,0,0,0,0,0,0,0,0,0,0,0,12,0,0,0,12,0,0,1
모비딕자산운용,0,3,1,0,0,0,0,0,1,0,0,7,0,0,0,12,0,0,4
모트자산운용,0,0,1,0,0,0,0,0,0,0,0,7,0,0,0,8,0,0,3
모티브자산운용,0,0,0,0,0,0,0,0,0,0,0,9,0,0,0,9,0,0,2
미래에셋자산운용,485,79,164,289,0,7683,14,118,66,0,141,49,0,4,0,9092,0,-3,3478
바로자산운용,0,0,0,0,0,1,0,0,10,0,0,6,0,0,0,17,0,0,0
바스티언자산운용,1,0,0,0,0,1,0,0,2,0,0,4,0,0,0,8,0,0,0
밸류시스템자산운용,502,3,0,0,0,2,0,0,0,0,0,32,0,0,0,539,0,-1,132
밸류파트너스자산운용,30,2,1,0,0,0,0,0,0,0,0,1,0,0,0,34,0,0,4
베네투스자산운용,1,0,0,6,0,0,0,0,0,0,0,16,0,0,0,23,0,0,1
베스타스자산운용,0,0,0,0,0,0,0,0,61,0,4,0,0,0,0,65,0,0,4
베스턴자산운용,0,0,0,0,0,0,0,0,2,0,0,0,0,0,0,2,0,0,2
베아투스자산운용,0,0,0,0,0,0,0,0,0,0,0,4,0,0,0,4,0,0,0
베어링자산운용,49,3,2,8,0,34,0,0,0,0,5,0,0,0,0,101,0,0,-21
벤코어인베스트먼츠자산운용,0,0,0,0,0,0,0,0,0,0,2,1,0,0,0,3,0,0,0
벨에포크자산운용,0,0,0,0,0,0,0,0,0,0,0,6,0,0,0,6,0,0,0
보고펀드자산운용,0,1,2,0,0,69,0,0,66,0,88,30,0,0,0,256,0,0,25
볼트자산운용,1,0,0,0,0,0,0,0,1,0,8,4,0,0,0,14,0,0,2
브라이트자산운용,0,14,1,0,0,0,0,0,0,0,0,8,0,0,0,23,0,0,12
브라이튼자산운용,0,0,0,0,0,0,0,0,4,0,0,0,0,0,0,4,0,0,1
브레인자산운용,0,3,0,0,0,0,0,0,0,0,0,22,0,1,1,27,0,0,-1
브로드하이자산운용,1,0,2,0,0,0,0,0,0,0,0,5,0,0,0,8,0,0,-1
브룩필드자산운용코리아,0,0,0,0,0,0,0,0,11,0,0,0,0,0,0,11,0,0,7
브이아이자산운용,75,5,18,92,0,21,4,12,23,0,15,13,0,0,0,278,0,0,5
브이아이피자산운용,605,3,3,0,0,0,0,0,0,0,0,9,0,0,0,620,0,0,-147
브이앤에스자산운용,67,1,0,0,0,0,0,1,0,0,0,4,0,0,0,73,0,0,4
브이엠자산운용,0,0,10,0,0,0,0,0,0,0,0,7,0,0,0,17,0,0,-2
브이자산운용,119,7,6,1,0,5,4,4,1,0,4,4,0,0,0,155,0,0,98
블래쉬자산운용,1,5,1,0,0,0,0,0,0,0,0,11,0,0,0,18,0,0,5
블랙록자산운용,0,0,0,0,0,1,0,0,0,0,0,0,0,0,0,1,0,0,0
블랙보드자산운용,2,0,0,0,0,1,0,3,2,0,0,4,0,1,0,13,0,0,5
블랙펄자산운용,34,0,0,0,0,1,0,0,0,0,0,7,0,0,0,42,0,0,2
블루코브자산운용,0,0,0,0,0,3,0,0,10,0,0,0,0,0,0,13,0,0,7
블리츠자산운용,1,0,2,0,0,0,0,0,3,0,0,8,0,0,23,37,0,0,5
비앤아이자산운용,1,0,0,0,0,0,0,0,0,0,0,6,0,0,0,7,0,0,1
비엔비자산운용,0,12,0,0,0,0,0,0,0,0,0,9,0,0,0,21,0,0,3
비엔케이자산운용,52,5,10,32,0,10,2,3,11,0,0,5,0,0,7,137,0,0,12
비욘드자산운용,0,0,1,0,0,2,0,0,1,0,0,3,0,0,0,7,0,0,-1
비전자산운용,9,0,2,9,0,17,0,0,0,0,0,26,0,0,0,63,0,0,12
비케이피엘자산운용,0,0,1,0,0,9,0,0,0,0,5,6,0,0,0,21,0,0,1
비피자산운용,0,0,0,0,0,0,0,0,3,0,0,1,0,0,0,4,0,0,-4
빌리언폴드자산운용,0,1,0,0,0,0,0,0,3,0,0,13,0,0,0,17,0,0,3
사람사점영자산운용,5,1,8,0,0,0,0,1,0,0,0,5,0,0,0,20,0,0,7
사우스피크자산운용,0,0,0,1,0,0,0,0,0,0,0,0,0,0,0,1,0,0,-1
산은인프라자산운용,0,0,1,0,0,0,0,0,4,0,138,9,0,0,0,152,0,0,6
삼성액티브자산운용,115,1,1,0,0,1,0,0,0,0,0,3,0,0,0,121,0,0,18
삼성에스알에이자산운용,0,0,0,0,0,0,0,0,124,0,0,0,0,0,0,124,0,0,12
삼성자산운용,444,49,83,369,0,375,17,133,4,0,148,32,0,0,0,1654,0,0,66
삼성헤지자산운용,0,0,0,0,0,0,0,3,0,0,0,4,0,0,0,7,0,0,0
삼천리자산운용,0,0,0,0,0,0,0,0,1,0,15,0,0,0,0,16,0,0,1
새봄자산운용,0,0,0,0,0,0,0,0,0,0,0,8,0,0,0,8,0,0,2
샘자산운용,0,0,0,0,0,0,0,0,0,0,0,1,0,0,0,1,0,0,0
서울에셋매니지먼트,0,1,3,0,0,0,0,0,0,0,0,18,0,0,0,22,0,0,2
서울투자자산운용,0,0,0,0,0,0,0,0,0,0,0,6,0,0,0,6,0,0,6
서진자산운용,1,0,0,0,0,0,0,0,0,0,0,3,0,0,0,4,0,0,2
선스피어자산운용,0,0,3,0,0,0,0,0,0,0,1,6,0,0,0,10,0,0,4
센터피스자산운용,0,0,0,0,0,0,0,0,2,0,0,0,0,0,0,2,0,0,-1
센트로이드에셋매니지먼트,0,0,0,0,0,0,0,0,0,0,0,0,0,0,0,0,0,0,-3
셀레니언자산운용,0,0,0,0,0,0,0,0,0,0,0,5,0,0,0,5,0,0,0
셀티스자산운용,0,0,1,0,0,0,0,0,0,0,0,3,0,0,0,4,0,0,-1
솔리드런자산운용,0,0,0,0,0,0,0,0,1,0,0,1,0,0,0,2,0,0,0
수성자산운용,6,16,5,46,0,0,0,0,0,0,0,22,0,0,0,95,0,0,0
수협자산운용,20,0,3,3,0,0,0,0,0,0,0,7,0,0,0,33,0,0,7
슈니크자산운용,0,0,0,1,0,0,0,0,0,0,0,6,0,0,0,7,0,0,0
슈로더자산운용,0,0,0,0,0,10,0,0,0,0,0,0,0,0,0,10,0,0,0
스마일게이트자산운용,22,0,0,0,0,2,0,0,12,0,0,2,0,0,0,38,0,0,0
스카이워크자산운용,0,8,0,0,0,0,0,0,0,0,0,8,0,0,0,16,0,0,4
스퀘어자산운용,0,0,0,0,0,0,0,0,0,0,0,1,0,0,0,1,0,0,-2
스타갤럭시 자산운용,0,0,0,0,0,0,0,0,0,0,0,3,0,0,0,3,0,0,0
스타로드자산운용,0,0,0,0,0,0,0,0,6,0,0,1,0,0,0,7,0,0,1
스타퀘스트자산운용,3,3,0,0,0,0,0,0,0,0,0,7,0,0,0,13,0,0,1
스탠버그자산운용,0,0,0,0,0,0,0,0,0,0,0,0,0,0,0,0,0,0,0
스틱얼터너티브자산운용,0,0,0,0,0,3,0,0,12,0,10,6,0,0,0,31,0,0,-6
스팍스자산운용,8,0,2,0,0,0,0,0,0,0,0,0,0,0,0,10,0,0,1
스페이스자산운용,0,0,0,0,0,3,0,0,0,0,0,5,0,0,0,8,0,0,0
스피네이커자산운용,1,8,0,0,0,0,0,0,0,0,0,4,0,0,0,13,0,0,4
슬기자산운용,1,8,1,0,0,0,0,0,0,0,0,5,0,0,1,16,0,0,1
시그니처자산운용,0,1,0,0,0,0,0,0,2,0,0,2,0,0,0,5,0,0,2
시드인베스트먼트자산운용,0,0,0,0,0,0,0,0,5,0,0,7,0,0,0,12,0,0,1
시몬느자산운용,0,0,0,0,0,0,0,1,3,0,3,4,0,0,0,11,0,0,3
신라자산운용,0,0,0,0,0,0,0,0,0,0,0,1,0,0,0,1,0,0,0
신영자산운용,42,14,21,5,0,9,2,0,0,0,0,1,0,0,0,94,0,0,5
신한자산운용,195,33,68,221,0,205,13,438,63,0,263,121,1,0,3,1624,0,0,58
써밋자산운용,0,0,0,0,0,0,0,0,0,0,0,3,0,0,0,3,0,0,1
썬앤트리자산운용,1,3,3,1,1,1,0,4,0,0,1,8,0,0,0,23,0,0,2
씨비알이인베스트먼트매니지먼트자산운용,0,0,0,0,0,0,0,0,7,0,0,0,0,0,0,7,0,0,1
씨스퀘어자산운용,142,0,12,0,0,0,0,0,1,0,0,25,0,0,0,180,0,1,-94
씨앗자산운용,66,0,0,0,0,0,0,0,0,0,0,28,0,0,0,94,0,0,-19
씨앤디자산운용,0,0,0,0,0,0,0,0,0,0,0,1,0,0,0,1,0,0,0
씨에이씨파트너스자산운용,0,0,0,0,0,0,0,0,4,0,0,0,0,0,0,4,0,0,1
씨엘자산운용,0,6,1,0,0,0,0,0,0,0,0,3,0,0,0,10,0,0,1
씨케이골디락스자산운용,4,8,0,0,0,0,0,1,0,0,0,0,0,0,0,13,0,0,0
아너스자산운용,1,0,1,0,0,0,0,0,2,0,0,31,0,0,0,35,0,0,2
아든자산운용,1,0,0,0,0,0,0,0,0,0,0,0,0,0,0,1,0,0,0
아라자산운용,1,0,0,0,0,0,0,0,0,0,0,3,0,0,0,4,0,0,0
아람자산운용,0,0,2,0,0,0,0,0,0,0,0,1,0,0,0,3,0,0,-2
아르고스자산운용,0,0,0,0,0,0,0,0,0,0,0,1,0,0,0,1,0,0,0
아름자산운용,3,1,1,0,0,0,0,0,1,0,0,9,0,0,3,18,0,-2,-2
아미쿠스자산운용,0,2,0,0,0,0,0,0,1,0,0,1,0,0,0,4,0,0,-2
아샘자산운용,8,5,83,35,0,2,0,0,0,0,0,11,0,0,0,144,0,0,14
아스트라자산운용,1,0,1,0,0,1,0,0,0,0,0,5,0,0,0,8,0,0,-1
아우름자산운용,1,3,1,0,0,0,0,0,0,0,0,1,0,0,0,6,0,0,-1
아울자산운용,0,0,0,0,0,1,0,0,0,0,0,3,0,0,0,4,0,0,0
아이리스자산운용,0,1,0,0,0,0,0,0,0,0,0,3,0,0,0,4,0,0,-1
아이비자산운용,0,0,0,0,0,0,0,0,0,0,0,0,0,0,0,0,0,0,0
아이비케이자산운용,60,4,29,43,0,25,5,2,2,0,19,0,0,0,1,190,0,0,12
아이앤제이자산운용,0,1,2,0,0,0,0,0,1,0,0,1,0,0,6,11,0,0,-3
아이앤케이투자자산운용,0,0,0,0,0,0,0,0,4,0,0,3,0,0,0,7,0,0,1
아이엠에셋자산운용,20,1,8,32,0,32,3,11,10,0,12,2,0,0,0,131,0,0,-6
아이엠엠자산운용,5,0,0,0,0,3,0,0,3,0,0,3,0,0,0,14,0,0,1
아이엠엠크레딧앤솔루션,0,0,0,0,0,0,0,0,0,0,0,3,0,0,0,3,0,0,0
아이온자산운용,1,0,0,0,0,0,0,0,0,0,0,5,0,0,0,6,0,0,-1
아이트러스트자산운용,0,14,1,0,0,0,0,0,1,0,0,4,0,0,0,20,0,0,3
아이파트너스자산운용,0,0,1,1,0,1,0,0,10,0,2,4,0,0,0,19,0,0,-1
아이피엠자산운용,0,1,0,0,0,1,0,0,0,0,1,2,0,0,0,5,0,0,0
아진자산운용,0,0,0,0,0,0,0,0,0,0,0,0,0,0,0,0,0,0,0
아크미스자산운용,18,0,1,0,0,0,0,1,0,0,0,1,0,0,0,21,0,0,18
아크임팩트자산운용,4,1,0,0,0,0,0,0,1,0,0,24,0,0,0,30,0,0,4
아테나자산운용,2,0,0,3,0,0,0,0,0,0,0,6,0,0,0,11,0,0,4
아트만자산운용,250,1,12,0,0,1,0,0,0,0,0,3,0,0,0,267,0,-1,119
아하에셋자산운용,0,0,0,0,0,0,0,0,0,0,0,1,0,0,0,1,0,0,0
안다에이치자산운용,0,1,3,0,0,0,0,0,0,0,0,7,0,0,0,11,0,0,-1
안다자산운용,34,1,3,0,0,0,0,2,5,0,0,25,0,0,0,70,0,0,-7
알더블유씨코리아자산운용,0,0,0,0,0,0,0,0,1,0,1,0,0,0,1,3,0,0,2
알더인베스트먼트,0,0,0,2,0,0,0,0,0,0,1,10,0,0,0,13,0,0,2
알세온코리아자산운용,0,0,0,0,0,0,0,0,5,0,7,1,0,0,0,13,0,0,-1
알지자산운용,0,1,0,0,0,1,0,0,0,0,0,0,0,0,0,2,0,0,0
알파벳자산운용,0,0,1,0,0,0,0,0,0,0,0,2,0,0,0,3,0,0,1
알파자산운용,1,2,2,4,0,0,0,0,6,0,18,8,0,0,0,41,0,0,-1
알파플러스자산운용,0,0,3,0,0,1,0,0,1,0,0,9,0,0,0,14,0,0,-1
알펜루트자산운용,13,0,0,0,0,0,0,0,0,0,0,57,0,0,0,70,0,1,2
애쉬우드파트너스자산운용,0,0,0,0,0,1,0,0,0,0,0,2,0,0,0,3,0,0,-1
앤도버자산운용,2,0,1,0,0,1,0,0,0,0,0,13,0,0,0,17,0,0,-1
앱솔루트자산운용,6,0,0,0,0,0,0,5,5,0,0,5,0,0,0,21,0,0,-3
어닝자산운용,0,0,0,0,0,0,0,0,0,0,0,8,0,0,0,8,0,0,-3
어라운드자산운용,1,1,0,0,0,0,0,0,0,0,0,3,0,0,0,5,0,0,0
어반자산운용,0,1,0,0,0,0,0,0,3,0,0,0,0,0,0,4,0,0,0
어스틴자산운용,0,0,0,0,0,0,0,0,0,0,0,3,0,0,0,3,0,0,0
어썸자산운용,0,0,1,0,0,0,0,0,0,0,0,7,0,0,0,8,0,0,0
얼라이언스번스틴자산운용,0,0,0,0,0,16,0,0,0,0,0,0,0,0,0,16,0,0,-1
얼라인파트너스자산운용,0,0,0,0,0,0,0,4,0,0,0,3,0,0,0,7,0,0,2
얼터너티브자산운용,1,0,0,0,0,0,0,0,0,0,0,0,0,0,0,1,0,0,0
에너지인프라자산운용,0,0,0,0,0,0,0,0,0,0,1,0,0,0,0,1,0,0,0
에셋플러스자산운용,34,4,7,0,0,0,0,1,0,0,0,9,0,0,0,55,0,0,1
에스비자산운용,0,0,0,0,0,0,0,0,0,0,0,1,0,0,0,1,0,0,0
에스아이자산운용,0,0,0,0,0,0,0,0,2,0,0,0,0,0,0,2,0,0,1
에스앤씨자산운용,0,0,0,0,0,0,0,0,0,0,0,5,0,0,0,5,0,0,1
에스에이치자산운용,0,0,0,0,0,0,0,0,0,0,0,6,0,0,0,6,0,0,0
에스티엔에이치자산운용,0,0,0,0,0,0,0,0,0,0,0,1,0,0,0,1,0,0,0
에스티프라이빗에쿼티운용,0,0,0,0,0,0,0,0,0,0,0,0,0,0,0,0,0,0,-1
에스피자산운용,1,11,0,1,0,0,0,0,0,0,0,4,0,0,0,17,0,0,1
에이디에프자산운용,0,0,0,0,0,0,0,0,12,0,0,0,0,0,0,12,0,0,0
에이비피자산운용,12,0,188,15,0,1,0,0,0,0,0,0,0,0,0,216,0,0,19
에이아이파트너스자산운용,0,0,0,0,0,29,0,0,4,0,15,1,0,0,0,49,0,0,2
에이아이피자산운용,1,0,0,0,0,0,0,0,20,0,0,2,0,0,0,23,0,0,-2
에이알에이코리아자산운용,0,0,0,0,0,0,0,0,11,0,0,0,0,0,0,11,0,0,1
에이에프더블유자산운용,0,0,0,0,0,0,0,0,0,0,0,5,0,0,0,5,0,0,0
에이엠에스자산운용,0,0,0,0,0,0,0,0,0,0,0,3,0,0,0,3,0,0,2
에이올자산운용,0,0,1,0,0,0,0,0,0,0,0,3,0,0,0,4,0,0,0
에이원자산운용,0,0,10,0,0,0,0,0,0,0,0,22,0,0,0,32,0,0,3
에이치디씨자산운용,18,5,5,4,0,8,1,1,2,0,5,18,0,0,0,67,0,0,-6
에이치비자산운용,0,0,0,0,0,0,0,0,0,0,0,1,0,0,0,1,0,0,-1
에이치스톤자산운용,0,0,1,0,0,0,0,0,0,0,0,3,0,0,0,4,0,0,0
에이치알자산운용,0,0,3,0,0,0,0,0,0,0,0,20,0,0,0,23,0,0,2
에이치에이치알자산운용,0,0,0,1,0,0,0,0,13,0,0,0,0,0,0,14,0,0,0
에이치엠얼터너티브 주식회사,0,0,0,0,0,0,0,0,0,0,0,0,0,0,0,0,0,0,-1
에이치원자산운용,0,0,0,0,0,0,0,0,0,0,0,2,0,0,0,2,0,0,0
에이치자산운용,1,0,1,0,0,0,0,0,0,0,0,1,0,0,0,3,0,0,-1
에이케이파트너스자산운용,1,0,0,1,0,4,0,0,2,0,0,3,0,0,0,11,0,0,-3
에이펙스자산운용,0,0,0,1,0,0,0,0,0,0,0,0,0,0,0,1,0,0,-8
에이플랜자산운용,0,0,0,0,0,0,0,0,0,0,0,1,0,0,0,1,0,0,-1
에이피자산운용,0,0,1,0,0,0,0,0,1,0,0,4,0,0,2,8,0,0,-1
에임즈자산운용,0,4,0,0,0,0,0,0,1,0,0,1,0,0,0,6,0,0,1
에프엘자산운용,0,0,0,0,0,0,0,0,8,0,0,0,0,0,0,8,0,0,0
엑스포넨셜자산운용,0,0,0,1,0,1,0,1,0,0,0,6,0,0,0,9,0,0,0
엑시엄자산운용,0,0,0,0,0,0,0,0,0,0,0,2,0,0,0,2,0,0,0
엔라이튼자산운용,0,0,0,0,0,0,0,0,0,0,0,25,0,0,0,25,0,0,5
엔에스자산운용,0,0,0,0,0,2,0,0,0,0,0,5,0,0,0,7,0,0,-1
엔에이치농협리츠운용,0,0,0,0,0,0,0,0,3,0,0,0,0,0,0,3,0,0,1
엔에이치아문디자산운용,160,3,19,128,0,73,11,42,15,0,90,9,0,0,0,550,0,0,-8
엔에이치헤지자산운용,1,9,4,0,0,0,0,1,0,0,0,28,0,0,0,43,0,0,13
엘비자산운용,0,0,0,0,0,5,0,0,36,0,1,0,0,0,0,42,0,0,1
엘에이치에스자산운용,0,0,0,0,0,0,0,0,0,0,0,2,0,0,0,2,0,0,0
엘에프자산운용,0,0,0,0,0,1,0,0,0,0,0,0,0,0,0,1,0,0,-1
엘엑스자산운용,0,0,2,0,0,1,0,0,0,0,0,19,0,0,0,22,0,0,-1
엘엔에스자산운용,0,0,2,0,0,0,0,0,20,0,0,3,0,0,0,25,0,0,4
엘케이자산운용,0,0,3,0,0,1,0,2,1,0,0,2,0,0,0,9,0,0,0
엠디엠자산운용,0,0,0,0,0,1,0,0,15,0,8,1,0,0,0,25,0,0,1
엠플러스자산운용,1,1,2,1,0,5,0,0,22,0,4,3,0,0,0,39,0,0,6
오라이언자산운용,3,1,49,0,0,0,0,0,6,0,3,12,0,0,0,74,0,0,7
오르카자산운용,1,0,1,0,0,1,0,0,0,0,0,2,0,0,0,5,0,0,-24
오름자산운용,0,2,0,0,0,0,0,0,0,0,0,2,0,0,0,4,0,0,1
오스카자산운용,0,0,0,0,0,0,0,0,0,0,0,1,0,0,0,1,0,0,0
오이코스자산운용,0,0,0,0,0,0,0,0,0,0,0,3,0,0,0,3,0,0,-1
오하자산운용,0,0,2,0,0,0,0,0,0,0,0,6,0,0,0,8,0,0,0
옵투스자산운용,4,0,0,0,0,0,0,0,0,0,0,2,0,0,0,6,0,0,0
와이드크릭자산운용,0,0,0,0,0,0,0,0,13,0,0,0,0,0,0,13,0,0,-1
와이씨자산운용,2,12,3,0,0,0,0,0,0,0,0,3,0,0,0,20,0,0,5
와이앤피자산운용,0,0,0,0,0,0,0,0,3,0,0,0,0,0,0,3,0,0,0
와이즈먼자산운용,0,0,0,0,0,0,0,0,1,0,0,2,0,0,0,3,0,0,1
와이케이자산운용,0,0,1,0,0,0,0,0,2,0,0,30,0,0,0,33,0,0,-3
요위스자산운용,0,0,0,0,0,0,0,0,0,0,0,6,0,0,0,6,0,0,0
우리자산운용,86,9,35,111,0,83,9,20,18,0,42,26,0,0,0,439,0,0,19
우리프라이빗에퀴티자산운용,0,0,0,0,0,4,0,0,2,0,9,4,0,0,0,19,0,0,0
우시아자산운용,0,0,0,0,0,0,0,0,0,0,0,1,0,0,0,1,0,0,0
우영자산운용,0,0,0,0,0,0,0,0,0,0,0,4,0,0,0,4,0,0,2
원에이츠자산운용,0,0,0,0,0,0,0,0,0,0,0,2,0,0,0,2,0,0,-4
원자산운용,34,5,1,0,0,4,0,0,0,0,0,17,0,0,0,61,0,0,26
월넛자산운용,2,5,0,3,0,0,0,0,0,0,0,8,0,0,0,18,0,0,6
웰브릿지자산운용,0,0,0,0,0,0,0,20,1,0,0,175,0,0,0,196,0,0,-1
웰스자산운용,3,0,1,0,0,0,0,0,0,0,0,1,0,0,0,5,0,0,0
웰컴자산운용,498,3,13,1,0,11,1,7,31,0,1,5,0,0,0,571,0,0,174
위너스자산운용,0,0,0,0,0,0,0,4,0,0,0,5,0,0,0,9,0,0,-3
위드플러스자산운용,1,0,0,0,0,0,0,0,0,0,0,2,0,0,0,3,0,0,1
위베스트자산운용,0,0,0,0,0,0,0,0,3,0,0,0,0,0,0,3,0,0,3
위솔자산운용,0,0,0,0,0,0,0,0,1,0,0,1,0,0,0,2,0,0,-3
위플러스자산운용,0,0,0,0,0,0,0,0,0,0,3,1,0,0,0,4,0,0,0
유경피에스지자산운용,10,7,1,0,0,2,0,1,3,0,0,26,0,0,1,51,0,0,1
유나이티드파트너스자산운용,0,1,0,0,0,2,0,0,9,0,0,2,0,0,0,14,0,0,0
유니스토리자산운용,221,16,0,0,0,0,0,0,0,0,0,3,0,0,0,240,0,0,84
유니크자산운용,0,1,0,0,0,0,0,0,0,0,0,1,0,0,0,2,0,0,0
유리자산운용,45,7,6,37,0,4,0,10,0,0,3,1,0,0,0,113,0,0,5
유진자산운용,17,1,5,20,0,23,1,3,26,0,16,9,0,0,0,121,0,0,-16
유피자산운용,0,0,1,0,0,0,0,0,0,0,0,2,0,0,1,4,0,0,0
으뜸자산운용,2,0,0,0,0,0,0,0,0,0,0,9,0,0,0,11,0,0,-2
이가자산운용,1,0,0,0,0,0,0,0,1,0,0,4,0,0,0,6,0,0,-1
이도자산운용,0,0,0,0,0,0,0,0,0,0,0,1,0,0,0,1,0,0,0
이든자산운용,0,0,0,0,0,0,0,0,10,0,0,2,0,0,0,12,0,0,-3
이루자산운용,0,0,0,0,0,0,0,0,0,0,0,3,0,0,0,3,0,0,0
이룸자산운용,0,0,0,0,0,0,0,0,0,0,0,1,0,0,0,1,0,0,1
이스트우드자산운용,0,0,0,0,0,0,0,0,0,0,0,3,0,0,0,3,0,0,0
이아이피자산운용,0,0,0,0,0,0,0,0,0,0,2,7,0,2,0,11,0,0,-1
이에이자산운용,0,0,0,0,0,0,0,0,0,0,0,1,0,0,0,1,0,0,1
이오스자산운용,0,0,0,0,0,0,0,0,0,0,0,0,0,0,0,0,0,0,-1
이지스리얼에셋투자운용,0,0,0,0,0,0,0,0,0,0,4,0,0,0,0,4,0,0,0
이지스엑스자산운용,0,0,0,0,0,0,0,0,12,0,0,0,0,0,0,12,0,0,2
이지스자산운용,3,9,4,1,0,4,0,3,259,0,19,40,0,0,0,342,0,0,-14
이현자산운용,1,7,1,0,0,1,0,0,0,0,0,1,0,0,1,12,0,0,1
이화자산운용,0,0,0,0,0,0,0,1,28,0,0,0,0,0,0,29,0,0,0
인마크자산운용,0,0,0,0,0,0,0,0,12,0,1,1,0,0,0,14,0,0,-4
인벡스자산운용,228,0,2,0,0,2,0,0,0,0,0,12,0,0,0,244,0,0,-83
인사이트자산운용,0,0,0,0,0,0,0,0,0,0,0,5,0,0,0,5,0,0,0
인터레이스자산운용,0,0,1,0,0,0,0,1,0,0,0,10,0,0,0,12,0,0,3
인트러스투자운용,0,2,0,0,0,3,0,0,4,0,0,1,0,0,0,10,0,0,4
인프라프론티어자산운용,1,0,0,0,0,0,0,0,0,0,0,0,0,0,0,1,0,0,0
인피니티글로벌자산운용,0,1,3,0,0,0,0,0,0,0,0,11,0,0,0,15,0,0,2
자비스자산운용,0,0,0,0,0,1,0,0,0,0,2,4,0,0,0,7,0,0,0
자산운용진,0,0,0,0,0,0,0,0,0,0,0,6,0,0,0,6,0,0,1
자산운용현,0,0,1,0,0,0,0,0,0,0,0,2,0,0,0,3,0,0,-1
제니스자산운용,0,0,0,0,0,0,0,0,0,0,0,0,0,0,0,0,0,0,0
제브라자산운용,0,0,1,0,0,0,0,0,0,0,0,5,0,0,0,6,0,0,-1
제이더블유자산운용,0,0,0,0,0,0,0,0,0,0,0,5,0,0,0,5,0,0,-1
제이드자산운용,0,0,0,0,0,0,0,0,0,0,0,12,0,0,0,12,0,0,2
제이비자산운용,1,0,3,4,0,0,0,9,25,0,15,17,0,0,0,74,0,0,-9
제이씨에셋자산운용,0,0,5,0,0,0,0,0,0,0,0,12,0,0,0,17,0,0,-1
제이알투자운용,0,0,0,0,0,0,0,0,22,0,0,0,0,0,0,22,0,0,-1
제이앤제이자산운용,0,0,0,0,0,0,0,0,0,0,0,2,0,0,0,2,0,0,0
제이에이치자산운용,0,0,1,0,0,0,0,0,0,0,0,8,0,0,0,9,0,0,1
제이엠씨자산운용,0,0,0,0,0,0,0,0,0,0,0,3,0,0,0,3,0,0,0
제이자산운용,0,0,0,0,0,0,0,0,0,0,0,2,0,0,0,2,0,0,-1
제이커브자산운용,0,0,0,0,0,0,0,0,0,0,0,0,0,0,0,0,0,0,-3
제이피에셋자산운용,0,2,0,0,0,0,0,0,1,0,0,1,0,0,0,4,0,0,0
조인에셋글로벌자산운용,81,1,1,0,0,2,0,0,0,0,0,5,0,0,0,90,0,0,8
지니자산운용,0,1,1,0,0,0,0,0,0,0,0,7,0,0,0,9,0,0,0
지베스코자산운용,0,0,0,0,0,0,0,0,6,0,0,7,0,0,0,13,0,0,2
지브이에이자산운용,0,0,4,0,0,0,0,6,0,0,0,25,0,0,0,35,0,0,3
지안자산운용,1,0,0,1,0,0,0,0,0,0,0,7,0,0,0,9,0,0,0
지알이파트너스자산운용,0,0,0,0,0,0,0,0,3,0,0,0,0,0,0,3,0,0,0
지지자산운용,0,4,1,2,0,0,0,0,9,0,0,0,0,0,0,16,0,0,1
차파트너스자산운용,1,0,1,0,0,0,0,0,0,0,0,9,0,7,2,20,0,0,1
카디안자산운용,50,8,20,17,0,57,1,5,1,0,3,2,0,0,0,164,0,0,5
칸서스자산운용,811,2,10,9,0,4,0,2,19,0,66,3,0,1,0,927,0,1,71
칼론인베스트먼트자산운용,0,2,0,0,0,0,0,0,6,0,0,1,0,0,0,9,0,0,-2
캐피탈랜드투자운용,0,0,0,0,0,0,0,0,19,0,0,0,0,0,0,19,0,0,2
캡스톤자산운용,0,0,0,0,0,1,0,0,73,0,9,30,0,0,0,113,0,0,12
케이디자산운용,0,0,0,0,0,0,0,0,0,0,0,1,0,0,0,1,0,0,1
케이리츠투자운용,0,0,0,0,0,0,0,0,12,0,0,1,0,0,0,13,0,0,0
케이비자산운용,294,20,49,202,0,134,9,214,119,0,227,70,0,3,0,1341,0,0,71
케이씨지아이대체투자운용,0,1,0,0,0,0,0,0,5,0,0,1,0,0,0,7,0,0,1
케이씨지아이자산운용,30,6,9,15,0,17,0,1,1,0,4,9,0,0,0,92,0,0,7
케이에스디자산운용,0,0,0,0,0,0,0,0,0,0,0,1,0,0,0,1,0,0,0
케이에스에프자산운용,0,0,0,1,0,0,0,0,0,0,2,1,0,0,0,4,0,0,2
케이에스자산운용,0,0,1,0,1,0,0,0,9,0,0,0,0,0,0,11,0,0,4
케이와이자산운용,0,0,0,0,0,0,0,0,1,0,0,8,0,0,0,9,0,0,-1
케이원자산운용,88,0,0,0,0,0,0,0,0,0,0,4,0,0,0,92,0,0,7
케이지티자산운용,0,2,0,0,0,0,0,0,0,0,0,4,0,0,0,6,0,0,0
케이클라비스자산운용,1,0,3,0,0,1,0,0,16,0,0,4,0,0,0,25,0,0,1
케이티투자운용,0,0,0,0,0,0,0,0,6,0,0,0,0,0,0,6,0,0,-1
케이펙스자산운용,0,0,0,0,0,0,0,0,6,0,0,1,0,0,0,7,0,0,-1
케이프리덤자산운용,104,0,0,0,0,0,0,0,0,0,0,0,0,0,0,104,0,0,11
케이피자산운용,0,3,5,0,0,0,0,0,0,0,0,0,0,0,0,8,0,0,3
케이핀자산운용,0,0,1,0,0,0,0,0,0,0,0,8,0,0,0,9,0,0,-7
케펠자산운용,0,0,0,0,0,1,0,0,10,0,0,0,0,0,0,11,0,0,1
케플러자산운용,1,0,1,0,0,0,0,0,5,0,0,2,0,0,0,9,0,0,2
켄달스퀘어자산운용,0,0,0,0,0,0,0,0,41,0,0,0,0,0,0,41,0,0,1
코너스톤자산운용,0,2,0,1,0,0,0,0,0,0,0,2,0,0,0,5,0,0,-1
코람코자산운용,1,1,5,0,0,0,0,0,112,0,6,12,0,0,0,137,0,0,0
코레이트자산운용,3,1,5,8,0,1,0,2,31,0,13,9,0,0,0,73,0,0,-11
코르사자산운용,0,0,0,0,0,0,0,0,0,0,0,6,0,0,21,27,0,0,1
코리아자산운용,0,0,0,0,0,0,0,0,1,0,0,8,0,0,0,9,0,-1,-2
코어자산운용,0,0,1,0,0,0,0,0,0,0,0,24,0,0,2,27,0,0,2
쿼드자산운용,17,0,2,0,0,0,0,3,0,0,1,18,0,1,0,42,0,0,-8
쿼터백자산운용,307,1,0,0,0,0,0,0,0,0,0,10,0,0,0,318,0,0,-108
퀀트인자산운용,0,0,1,0,0,0,0,0,0,0,0,1,0,0,0,2,0,0,0
퀸즈가드자산운용,0,4,6,0,0,0,0,1,0,0,0,8,0,0,0,19,0,0,4
큐브인더스트리얼자산운용,0,0,0,0,0,0,0,0,10,0,0,0,0,0,0,10,0,0,4
크레스톤자산운용,0,0,0,0,0,0,0,0,0,0,0,7,0,0,0,7,0,0,1
크로스자산운용,0,0,0,0,0,0,0,0,0,0,0,1,0,0,0,1,0,0,0
크로톤자산운용,0,0,0,0,0,0,0,0,0,0,0,11,0,0,0,11,0,0,3
크리에이트자산운용,0,0,0,0,0,0,0,0,7,0,1,0,0,0,0,8,0,0,-1
키움투자자산운용,136,9,30,121,0,286,9,43,54,0,48,16,0,3,0,755,0,0,34
키웨스트글로벌자산운용,0,0,0,1,0,3,0,1,4,0,0,5,0,0,0,14,0,0,1
키플렉스자산운용,1,0,0,1,0,0,0,0,0,0,0,1,0,0,0,3,0,0,2
타이거대체투자운용,0,0,0,0,0,0,0,0,42,0,42,2,0,0,0,86,0,0,4
타이거자산운용투자일임,0,0,5,0,0,0,0,43,0,0,0,442,0,0,0,490,0,0,17
타임폴리오자산운용,19,4,1,0,0,3,0,1,0,0,0,51,0,0,0,79,0,0,17
태성자산운용,0,6,0,0,0,0,0,0,2,0,0,11,0,0,0,19,0,0,-2
테라자산운용,0,0,1,0,0,0,0,0,0,0,0,2,0,0,0,3,0,0,0
텐세그리티자산운용,0,0,0,0,0,0,0,0,2,0,0,2,0,0,0,4,0,0,1
템플턴하나자산운용,0,0,0,0,0,1,0,0,0,0,41,0,0,0,0,42,0,0,3
토러스자산운용,4034,0,0,0,0,0,0,0,0,0,0,9,0,0,3,4046,0,-2,2135
토마토자산운용,0,0,0,0,0,0,0,0,0,0,0,2,0,0,0,2,0,0,0
토브자산운용,0,0,0,0,0,0,0,0,0,0,0,4,0,0,0,4,0,0,0
토터스자산운용,0,0,0,0,0,0,0,0,0,0,0,1,0,0,0,1,0,0,0
토포앤코코리아자산운용,0,39,3,0,0,35,0,0,0,0,0,4,0,0,0,81,0,0,6
트라움자산운용,3,0,0,11,0,0,0,0,0,0,0,16,0,0,0,30,0,0,0
트러스타자산운용,0,0,0,0,0,1,0,0,0,0,0,6,0,0,0,7,0,0,-2
트러스톤자산운용,94,8,17,19,0,8,0,4,4,0,52,9,0,0,0,215,0,0,8
트레스자산운용,0,0,2,1,0,0,0,0,0,0,0,4,0,0,0,7,0,0,1
티아이자산운용,1,0,1,0,0,0,0,0,0,0,0,3,0,0,2,7,0,0,-3
티엘자산운용,1,3,1,0,0,0,0,0,0,0,0,3,0,0,0,8,0,0,-2
파레토자산운용,19,0,0,0,0,0,0,0,0,0,0,1,0,0,0,20,0,0,-4
파로스자산운용,11,3,6,0,0,0,0,0,0,0,0,7,0,0,0,27,0,0,12
파이브트리자산운용,2,0,2,0,0,0,0,0,0,0,0,8,0,0,0,12,0,0,2
파이어스톤자산운용,0,0,0,0,0,0,0,0,0,0,0,3,0,0,0,3,0,0,0
파인밸류자산운용,0,8,4,0,0,0,0,0,0,0,0,10,0,0,0,22,0,0,1
파인스트리트자산운용,0,0,0,0,0,67,0,0,1,0,80,0,0,0,0,148,0,0,15
파인앤파트너스자산운용,0,0,0,0,0,1,0,0,3,0,0,2,0,0,0,6,0,0,2
파인트리자산운용,0,0,0,0,0,0,0,0,10,0,0,22,0,3,0,35,0,0,-2
퍼시픽브릿지자산운용,0,5,0,1,0,4,0,0,0,0,0,4,0,0,0,14,0,0,-1
퍼시픽자산운용,1,0,0,1,0,3,0,0,47,0,0,1,0,0,0,53,0,0,1
페블스톤자산운용,0,0,0,0,0,0,0,0,14,0,0,0,0,0,0,14,0,0,0
페블즈자산운용,0,0,0,0,0,1,0,0,0,0,1,4,0,0,0,6,0,0,0
페어웨이자산운용,1,1,4,0,0,0,0,0,0,0,0,1,0,0,0,7,0,0,-2
페트라빌자산운용,0,0,0,0,0,0,0,0,3,0,0,1,0,0,0,4,0,0,1
페트라자산운용,19,0,0,0,0,0,0,1,0,0,0,3,0,0,0,23,0,0,0
포도자산운용,0,2,0,0,0,0,0,0,0,0,0,0,0,0,0,2,0,0,-2
포레스트자산운용,15,0,0,0,0,0,0,1,0,0,0,2,0,0,0,18,0,0,0
포렉스자산운용,0,0,1,0,0,0,0,0,0,0,0,2,0,0,0,3,0,0,0
포스트자산운용,3,0,0,0,0,0,0,0,8,0,1,6,0,0,0,18,0,0,7
포어모스트자산운용,0,0,0,0,0,0,0,0,0,0,0,0,0,0,0,0,0,-1,-3
포커스자산운용,0,3,0,0,0,0,0,0,0,0,0,14,0,0,0,17,0,0,-7
포트코리아자산운용,0,0,0,0,0,0,0,12,2,0,0,19,0,0,0,33,0,0,-8
폴라리스자산운용,0,0,0,0,0,0,0,0,0,0,0,1,0,0,0,1,0,0,0
푸른파트너스자산운용,0,6,3,0,0,3,0,0,4,0,0,10,0,0,0,26,0,0,0
프라임자산운용,2,2,0,0,0,0,0,0,0,0,0,15,0,0,2,21,0,0,-1
프라핏자산운용,1,4,5,0,0,2,0,0,0,0,0,5,0,0,0,17,0,0,-3
프레스토자산운용,0,0,0,0,0,0,0,0,0,0,0,0,0,0,0,0,0,0,-1
플랫폼파트너스자산운용,3,1,1,0,0,2,0,0,0,0,10,14,0,0,0,31,0,0,-4
플러스자산운용,3,6,8,5,0,0,5,1,5,0,2,0,0,0,0,35,0,0,-1
피나클자산운용,0,0,0,0,0,0,0,0,4,0,0,2,0,0,0,6,0,0,2
피데스자산운용,44,0,0,0,0,1,0,0,0,0,1,9,0,0,0,55,0,0,-12
피델리티자산운용,2,0,0,0,0,57,0,0,0,0,0,0,0,0,0,59,0,0,3
피보나치자산운용,0,3,2,0,0,1,0,0,0,0,0,13,0,0,0,19,0,0,0
피아이에이자산운용,0,0,0,0,1,2,0,0,8,0,1,2,0,0,0,14,0,0,0
피앤케이자산운용,0,1,0,0,0,0,0,0,1,0,0,1,0,0,0,3,0,0,-2
피에스자산운용,1,0,0,1,0,0,0,0,0,0,0,5,0,0,0,7,0,0,-4
피에이씨엠자산운용,0,0,1,0,0,0,0,0,1,0,0,1,0,0,0,3,0,0,2
피티알자산운용,21,1,2,0,0,1,0,1,0,0,0,8,0,0,0,34,0,0,13
하나대체투자자산운용,0,0,0,0,0,0,0,1,105,0,58,5,0,2,0,171,0,0,-3
하나자산운용,80,18,36,69,0,72,10,10,3,0,3,9,0,0,0,310,0,0,17
하베스트자산운용,0,0,0,0,0,0,0,0,0,0,0,3,0,0,0,3,0,0,0
하우자산운용,0,4,5,0,0,1,0,0,3,0,0,5,0,0,0,18,0,0,0
하이즈에셋자산운용,0,0,0,1,0,0,0,0,0,0,0,6,0,0,0,7,0,0,-3
한강에셋자산운용,0,0,0,0,0,1,0,0,9,0,34,1,0,0,0,45,0,0,-4
한국교통자산운용,0,0,0,0,0,0,0,0,0,0,13,0,0,0,0,13,0,0,2
한국대성자산운용,1,0,0,0,0,0,0,0,0,0,0,1,0,0,0,2,0,0,0
한국대안투자자산운용,2,5,0,0,0,0,0,0,3,0,1,3,0,0,0,14,0,0,0
한국대체투자자산운용,0,4,0,0,0,0,0,0,5,0,0,4,0,0,0,13,0,0,0
한국성장금융투자운용,0,13,0,0,0,0,0,0,0,0,0,67,0,0,0,80,0,1,16
한국채권투자운용,0,1,2,2101,0,0,0,0,0,0,0,1,0,0,0,2105,0,0,-186
한국투자리얼에셋운용,0,0,0,0,0,7,0,14,33,0,32,72,0,0,0,158,0,0,18
한국투자밸류자산운용,45,1,11,2,0,8,0,0,0,0,0,46,0,0,0,113,0,0,-4
한국투자신탁운용,236,61,56,148,0,195,13,60,2,0,2,206,0,0,0,979,0,0,79
한미글로벌투자운용,0,0,0,0,0,0,0,0,0,0,0,4,0,0,0,4,0,0,1
한백자산운용,0,0,0,0,0,0,0,0,0,0,0,4,0,0,0,4,0,0,1
한스프라임자산운용,0,0,1,0,0,0,0,0,0,0,0,3,0,0,0,4,0,0,0
한앤파트너스자산운용,0,8,2,1,0,0,0,5,0,0,0,0,0,0,0,16,0,0,-4
한일퍼스트자산운용,0,1,1,1,0,0,0,0,1,0,0,8,0,0,0,12,0,0,-5
한화인베스트먼트,0,0,0,0,0,0,0,0,2,0,0,0,0,0,0,2,0,0,1
한화자산운용,223,7,42,217,0,130,7,33,46,0,145,20,0,2,13,885,0,2,32
해디브자산운용,0,0,0,0,0,0,0,0,0,0,0,3,0,0,0,3,0,0,0
허브자산운용,1,0,0,0,0,0,0,0,2,0,0,0,0,0,0,3,0,0,2
헤리티지자산운용,5,0,0,0,0,0,0,0,14,0,0,5,0,0,0,24,0,0,-1
혁신자산운용,0,2,1,0,0,0,0,0,0,0,0,5,0,0,0,8,0,0,-1
현대얼터너티브,0,0,0,0,0,0,0,0,7,0,2,0,0,0,0,9,0,0,1
현대인베스트먼트자산운용,17,7,6,40,0,6,2,19,45,0,78,46,0,1,0,267,0,1,18
현대자산운용,22,13,3,17,0,9,3,6,27,0,16,11,0,0,2,129,0,0,-11
현대하임자산운용,0,0,0,0,0,1,0,0,5,0,0,0,0,0,0,6,0,0,3
화인자산운용,0,0,0,0,0,0,0,0,4,0,2,8,0,0,0,14,0,0,-1
황소자산운용,49,0,1,0,0,0,0,0,0,0,0,9,0,0,0,59,0,0,30
휴먼앤드브릿지자산운용,0,0,2,0,0,0,0,0,0,0,0,3,0,0,0,5,0,0,-1
흥국자산운용,42,3,22,185,0,19,3,13,14,0,53,8,0,0,0,362,0,0,24
히스토리자산운용,0,0,0,0,0,0,0,0,0,0,0,3,0,0,0,3,0,0,2
DS투자증권,0,0,0,24,0,0,0,0,2,0,0,1,0,0,0,27,0,0,10
IBK투자증권,0,1,1,0,0,0,0,10,4,0,1,15,0,0,0,32,0,0,-2
KB증권,0,0,0,0,0,0,0,0,0,0,0,1,0,0,0,1,0,0,1
PEI korea M&A,0,1,0,0,0,0,0,0,0,0,0,0,0,0,0,1,0,0,0
교보증권,1,0,2,4,0,2,0,0,1,0,0,5,0,0,0,15,0,0,-10
리딩투자증권,3,0,5,6,0,0,0,0,5,0,1,10,0,0,0,30,0,0,0
신영증권,0,0,2,0,0,2,0,0,0,0,0,32,0,0,0,36,0,0,7
신한투자증권,0,0,0,27,0,0,0,0,0,0,0,0,0,0,0,27,0,0,3
제너시스투자자문,1,1,0,0,0,0,0,0,0,0,0,0,0,0,0,2,0,0,0
케이프투자증권,0,0,1,0,0,0,0,3,0,0,0,0,0,0,0,4,0,0,0
코리아에셋투자증권,0,5,2,0,0,0,0,0,8,0,0,10,0,0,0,25,0,0,2
한국투자증권,0,0,0,15,0,0,0,0,0,0,0,1,0,0,0,16,0,0,8
홍익인간사모기업인수증권투자회사,1,0,0,0,0,0,0,0,0,0,0,0,0,0,0,1,0,0,0
